R0_wuhan,recovery_wuhan,waning_wuhan,R0_alpha,recovery_alpha,waning_alpha,R0_delta,recovery_delta,waning_delta,R0_omicron,recovery_omicron,waning_omicron,weight
1.56978698150805,0.0494250724116721,0.0000812796535782391,2.40568448868476,0.404928847272671,0.00115622220223595,2.6615954756478,0.103631139550054,0.00199504288896212,3.96162578745524,0.333836024804181,0.0111374400982942,0.000706542858051815
1.61007926975583,0.0484679056704309,0.0000460479623588006,2.12216414182496,0.320027835039017,0.000737754345573841,2.40470709450371,0.0813762654132318,0.00392557477442541,3.02756081946052,0.423880145155201,0.0188048723501918,0.00147319909130681
1.57145152011158,0.0504614785132811,0.00128073782371001,2.37886857498569,0.434466632271719,0.000104209965244395,2.91906424623745,0.0977849657769527,0.000102760658820062,3.47240352805361,0.330179229401813,0.0103758176621955,0.0037521225721738
1.57233496241051,0.0491497473783441,0.00750255939436199,2.33371663501397,0.407091985919503,0.000558264056131001,2.8094984391434,0.0901674572591616,0.000595450904824143,3.2655525411417,0.398607898526799,0.0158076675031256,0.0056156931549057
1.60990072129292,0.0495335987342035,0.00264110526010853,2.14208878116342,0.299817564620136,0.000245263038986155,2.54257741103386,0.0772712379584841,0.000714362189128167,3.07116290788352,0.344088735886572,0.0132795139026338,0.00808692644735694
1.55689966604423,0.0521855158929921,0.00440320676357289,2.41766868437202,0.375131878920666,0.000797621957870522,2.58046344604633,0.081376331348265,0.00262752675089561,2.79037492656773,0.421104693178616,0.0173403299365708,0.0000398865590902465
1.60401155086342,0.0506574789857195,0.00341972562608359,2.18551483636728,0.295463396892389,0.000310165038746834,2.42581942956768,0.081403615204612,0.00526743104675995,3.26332729159052,0.37582943796037,0.014788756311869,0.00226257407745058
1.59640815962394,0.049360110246869,0.00932412506238032,2.24767804836441,0.383851506229349,0.00164607043676654,2.4932004846072,0.0954468120043511,0.00204249326059535,3.50728409583316,0.344663469811073,0.0124368565209591,0.00293597075057528
1.58931472635331,0.0493273052638183,0.00142587862307588,2.21807780299294,0.367167685865579,0.00259528576433132,2.30670313888484,0.0725881472265336,0.000272689221555221,2.98203014241185,0.428641205038245,0.0190910502251784,0.000941761901150382
1.56256927654966,0.0516355164942022,0.0033530091185687,2.37498259627599,0.393756399900045,0.000354047424679383,2.61915577928343,0.0722984131335811,0.0005109462114602,3.45805097618595,0.375466783815264,0.0134405052844332,0.000225728654868335
1.57233496241051,0.0491497473783441,0.0204301274591684,2.33371663501397,0.407091985919503,0.000125704357384758,2.8094984391434,0.0901674572591616,0.00112226321966554,2.95807529416941,0.380106712215713,0.016911478717836,0.00148752155100969
1.56378060879436,0.0483586946451141,0.00196328429387548,2.4096282946755,0.430489890599645,0.000656767250012115,2.59586160148432,0.0779508825886831,0.000865137647806841,3.41623242031909,0.347898996707558,0.0123986314019234,0.00622121838949592
1.57715633378435,0.0498585786402552,0.00166415264079115,2.29590485280854,0.414183068126868,0.000711491158144223,2.62903682468851,0.0988464127704431,0.00580353340967317,3.23937631299269,0.284403869307559,0.0118956279631054,0.0015543361369289
1.598314489053,0.0493681481305078,0.000888818571366724,2.19586678663162,0.373896844758544,0.000625842660576417,2.60341353763428,0.0843568425064345,0.0020242256120719,3.17693858483701,0.325237140194829,0.011988972333432,0.00944471144236844
1.56978698150805,0.0494250724116721,0.00177306467180638,2.40568448868476,0.404928847272671,0.00106019091905908,2.6615954756478,0.103631139550054,0.000615610644582881,3.63488677715952,0.442750435681711,0.01767648381644,0.00364163944900165
1.57962299788076,0.0496610013269153,0.008377727347308,2.25916415236971,0.409029034475631,0.000776335292448542,2.51655502897437,0.0893890155848484,0.00187356828538785,2.90889282331897,0.347700501264245,0.0143578683276569,0.0033321063852498
1.56170116636807,0.0491028502080943,0.0192524358488204,2.3619557410401,0.428893067692221,0.000206139993682553,2.8317426602643,0.101740039695861,0.000307059424183374,3.65650396835927,0.418844380224413,0.0122321870932738,0.0037826108977311
1.62466044990501,0.0481977261606934,0.00157114264758239,2.05113689741088,0.308998981613826,0.000361830796667942,2.56122826155292,0.0731769569746228,0.00050034634518659,2.93495168835126,0.302776713368193,0.0143071359252141,0.0020094885156431
1.57540963204258,0.0498906575330429,0.00254782801123517,2.3285322643966,0.420918519215294,0.000313671033995721,2.63451650433555,0.110903881045131,0.000535975180670892,3.75116838540961,0.43435651096642,0.0120735863595703,0.00215887639628108
1.56573462132596,0.0485353518917441,0.00190478106142463,2.39078053855295,0.415031511568609,0.000140499540308689,2.82063423176426,0.0749459485922515,0.000109511741095455,3.01049026721837,0.291620133404664,0.011347120260407,0.00352005679966391
1.58974941268749,0.048851750185412,0.000449907656456047,2.210269208113,0.38427888921356,0.0000910238967019471,2.71520703823171,0.0978698573835521,0.00253249448459759,3.56441059706322,0.398387722510429,0.0118237927714104,0.000581237252166932
1.56140711426014,0.0492172409316867,0.00622669510783906,2.36252466335459,0.424634765579581,0.000502896064902306,2.70060364561879,0.109300341624433,0.000750912963770557,3.8012242050422,0.371390254576501,0.0106319518614454,0.00282704275592036
1.56521589904064,0.0517205571065194,0.00186790394241718,2.39805485150044,0.375473468719426,0.000853056338803267,2.53897727399579,0.0709749820336174,0.00474197455823869,3.09012533697075,0.3354725810685,0.0132405922612874,0.00413340173669673
1.57883848828939,0.0492678591062819,0.00187151754115739,2.22984898719817,0.40648707554584,0.000122459368133331,2.66946582511804,0.0911296165918829,0.000472094803748271,3.65893087902805,0.43280589843785,0.0173953297316202,0.00442896535552967
1.56421764761293,0.0482880103699328,0.0002375383265214,2.27317221203142,0.431916653706564,0.00192033629370204,2.49527561973798,0.0816762205380324,0.000840316756410443,3.11001736756959,0.37346801500105,0.0170386741241143,0.0032097486359026
1.59460645629041,0.0492625719596389,0.00471060013734141,2.11300625290329,0.323508156126831,0.00131967041221926,2.39130866307819,0.0740548578286413,0.000377944577258823,2.96018986445776,0.444424837167818,0.0162727300197374,0.00161062008879409
1.59267681010508,0.0494682230951091,0.00699421407286382,2.29400415953067,0.369091667959863,0.000114754721409845,2.79725376513788,0.108503013287804,0.00166578163615609,3.57068380745964,0.477798253656161,0.018013635445093,0.000157137793408549
1.58289665930222,0.0496566040825289,0.0185754951902199,2.33640735310158,0.376439233164219,0.000118370989397648,2.76945125486033,0.0962471705443953,0.00279864496802591,3.21518070862576,0.336380523607687,0.0117255567709465,0.0019443070117698
1.55689966604423,0.0521855158929921,0.000296975072362834,2.41766868437202,0.375131878920666,0.000255535131851727,2.58046344604633,0.081376331348265,0.00478564500838377,3.35937206032277,0.317563978350762,0.0124201055720585,0.00425535336453647
1.61816875005607,0.0474216069568977,0.000448771197150909,2.13959145637994,0.367808313775185,0.000557796196450238,2.42656784791975,0.0819358142781343,0.00781855991903602,3.15570551047093,0.402556769298083,0.015190812904136,0.00182887817829233
1.56140711426014,0.0492172409316867,0.00260614706006232,2.36252466335459,0.424634765579581,0.000310231218144714,2.79965725975019,0.102630761705996,0.00241251671190849,3.38874673234389,0.310618534120603,0.012375347757199,0.00447298081653597
1.55436931112861,0.0479304230648711,0.000696540399991152,2.36712907477946,0.458547530704044,0.00026044804409303,2.46257178116347,0.111316236847201,0.00367076716793986,3.782608842031,0.420533743042777,0.0142684334293584,0.000275256424535194
1.57926316932864,0.0515054092874401,0.00918948743352668,2.31653836622154,0.365031592198928,0.000404795387975312,2.6903821832509,0.0760557691016227,0.00094278149220697,3.11228621116416,0.366859392434143,0.0150798662688286,0.000771543432270014
1.58079540124139,0.0512921301769275,0.0000233569122572048,2.28188626451119,0.370207946644671,0.00116774131058508,2.46992205652914,0.0820368511511054,0.00707818344323013,2.86567113523049,0.380322817603525,0.0155564396409374,0.00341018243767206
1.55289400660752,0.0507938103094928,0.00220269737154437,2.40354332673675,0.440371757728052,0.000497735791998239,2.57642716379727,0.111224473160701,0.00419875633934587,3.29004512936474,0.368043339533198,0.0143074908309735,0.0103844175839265
1.55468949888315,0.0528395924756027,0.000650555129056796,2.43428861146095,0.401079544864518,0.000268203798779299,2.69217506942948,0.0949055901563441,0.0077419611477152,3.01263338715046,0.313793079344122,0.0124447974153916,0.0040442968524066
1.57883848828939,0.0492678591062819,0.000556541199821636,2.22984898719817,0.40648707554584,0.000239652997879716,2.51873796084849,0.115974749542637,0.00510944570296625,3.56372233652646,0.344733697658205,0.0136843903656245,0.00232498358291208
1.58648771433182,0.050018284632804,0.00245061798826477,2.26398256412541,0.335606215812792,0.000548533593946383,2.53100696425297,0.0800142495396124,0.00170722711370317,3.37624336260686,0.398827144587013,0.0142533743187326,0.00803635722778813
1.57942409666063,0.0480810226137687,0.00108041031293955,2.17263621325257,0.375557118196565,0.000950975814702835,2.53178074989598,0.0580575077429551,0.0010023512984833,2.66915591386903,0.377958216118249,0.0188825713217493,0.00247724966734742
1.5602803314092,0.051420592152079,0.00486042926324837,2.29650203997113,0.420047401475967,0.000180135541307014,2.50738556798307,0.109310462070348,0.00181019850038581,3.73600667089898,0.379872963576878,0.0125849988910789,0.00643054191550656
1.57962299788076,0.0496610013269153,0.000768566082467522,2.25916415236971,0.409029034475631,0.00122097264639841,2.51655502897437,0.0893890155848484,0.00136039192723295,3.53463950502471,0.329176882589189,0.0118372212298988,0.00847615697933409
1.56992437915114,0.0512150261077691,0.00366927641563589,2.32458186639968,0.369010519403202,0.000986813040702678,2.4782220794985,0.0745001702229709,0.0000990889467595766,3.06399896845155,0.401376438035996,0.018079087273537,0.00403955696493782
1.598314489053,0.0493681481305078,0.00170503525770943,2.19586678663162,0.373896844758544,0.0000965796809124002,2.60341353763428,0.0843568425064345,0.00272708389481316,2.90166227959193,0.423494025410085,0.0191443035969261,0.00159442150062386
1.56992437915114,0.0512150261077691,0.00107375597040661,2.32458186639968,0.369010519403202,0.000902963462246974,2.66526636056958,0.0731890736973032,0.00079492497331293,2.94542634074163,0.30011638701111,0.0122948061380084,0.00525307248776615
1.58168516485712,0.0490333717441781,0.000473592953580791,2.2716663480326,0.412676222024345,0.00109157389590417,2.49561520566618,0.114170991328568,0.00224804279497811,3.7923915223332,0.477941478584457,0.0168006017977501,0.00606506645578313
1.58530285408355,0.0514444832456539,0.000244378831616971,2.29329739903546,0.365386426662735,0.000368906326464745,2.55680257371364,0.0809125912370676,0.00929772042607357,2.88645487986212,0.281243248467005,0.0134796274152719,0.000150520461651898
1.56573462132596,0.0485353518917441,0.0177164983296595,2.39078053855295,0.415031511568609,0.000446163962322333,2.64796312513015,0.104149691087574,0.00106069784727862,3.57390899471417,0.378366833052315,0.0133422906388266,0.0131300094625708
1.57133034598253,0.0503268124176551,0.00240835134921491,2.38593599377632,0.380956908972353,0.000100972147326175,2.68631052439575,0.103178371611729,0.00106982887592746,3.35262478179853,0.372571070158874,0.0154358540086661,0.000454606865768185
1.56198960421883,0.0489513548706383,0.000752373524669349,2.37512396493581,0.447176367803226,0.000210495868600239,2.69774499523982,0.125458757189498,0.0029536434362405,4.09064875499461,0.417287823618598,0.0152596660470409,0.00728118672267529
1.55694651219277,0.0492187653285444,0.000745500582260881,2.43334213173333,0.445614639464953,0.000190619142348928,2.7119367269016,0.13412826750413,0.00997251774724142,3.22049933772579,0.314466857303792,0.0117811299891041,0.00523928401071599
1.5602803314092,0.051420592152079,0.00099286898155718,2.29650203997113,0.420047401475967,0.00109319772378033,2.50738556798307,0.109310462070348,0.00647233514874766,3.23481803254802,0.399358018781143,0.0146580651666709,0.00341417577660757
1.56573462132596,0.0485353518917441,0.00099964721492873,2.39078053855295,0.415031511568609,0.00010259748151186,2.900851588019,0.0952268539812812,0.000125654204499395,4.02149360857064,0.374088155412936,0.0113817381111708,0.00884067137020923
1.57176294316951,0.049813193143618,0.00938442014967596,2.28052665286499,0.397335776823108,0.000490913536329184,2.59730379632707,0.0889260212700923,0.00085202420464623,3.08345979161743,0.355999938913016,0.0141371366518076,0.00929994096850345
1.58934896239288,0.0494966873972222,0.00137785308749092,2.27941658801173,0.38758058898846,0.000270244092420549,2.71613938308032,0.0868029919131979,0.00192120632426972,3.08404309055932,0.308633729570651,0.0134402732053483,0.00928585678923585
1.59614359034798,0.0480661409761585,0.0356379029430007,2.11785794221041,0.348601256444551,0.00122625302359694,2.48169041270763,0.0697833263238604,0.000296798035329535,2.70159578303904,0.354630136646964,0.0150345550886812,0.00128009053807524
1.56863695738537,0.0498164832205992,0.0460870444135085,2.14463913422949,0.381430414170898,0.00210453964635658,2.4440561670553,0.0736963883573868,0.000122480983209386,2.84983404870932,0.313354086481278,0.0148443543657631,0.00044954006552301
1.5483175727222,0.0505683413900865,0.0064273322607209,2.48846799770997,0.410719011357252,0.000609052006819889,2.67248964333176,0.104597954414851,0.00117678669556113,3.54819103643262,0.454241926424406,0.0148341638093161,0.010131040120215
1.57927342859421,0.0502438599952899,0.000987367831293376,2.21936254369969,0.365041312598342,0.000307467580595564,2.42050770860528,0.11811868406668,0.00754649929438788,3.20964200462791,0.372715534341424,0.0155298171121171,0.00118545326785573
1.56912135842141,0.0496922354892108,0.00116305011494727,2.35842394436489,0.426271350944087,0.000113387305139698,2.7684164057357,0.0906294803009364,0.00111163125374407,2.96061395747649,0.338591436401195,0.0134099610048594,0.000842210847024539
1.55030080664004,0.0500272158748287,0.0120968247184107,2.3675702801,0.414438003163159,0.000375993888406423,2.77316878923804,0.101828001162065,0.000232827873144455,3.78181337626267,0.483742335874402,0.0182421498082653,0.00259753457565841
1.58934896239288,0.0494966873972222,0.00362789006499621,2.27941658801173,0.38758058898846,0.00042140761788604,2.6126442809745,0.0888149852092258,0.000608525927777872,3.15991562473857,0.409321775694828,0.0154603406591805,0.0104287139268964
1.59626456098852,0.0485503923391112,0.000519381331085941,2.15890187228239,0.367621702779081,0.0000792955307341966,2.46973886603687,0.0911696871678159,0.000607847635794068,3.90155207616955,0.424554703141466,0.016507509992898,0.00107633427449142
1.58097630531684,0.0500354800899187,0.0018387359740409,2.29813171513584,0.374667292302381,0.0000148829525355898,2.63255117815133,0.0898745451170082,0.00811394057758649,2.75667970223956,0.275011953300178,0.013458126735799,0.000822178418060505
1.56233745948669,0.0476011772288981,0.00453925736289168,2.33926543652749,0.443623554933815,0.000857631218191057,2.58369806324598,0.0945502740556172,0.00114612502973397,3.57733072945526,0.458162882191395,0.015198566512165,0.00251792605948519
1.56472358457689,0.050075312470147,0.000726428108184354,2.34969967452669,0.415175085442233,0.000908264695434035,2.72026574491234,0.080455860198979,0.00338414829140166,3.01022309314453,0.3223888274743,0.0134682706114478,0.000797458110588737
1.59929021623203,0.0490609273488346,0.000810423637189153,2.17594304220282,0.378589455992719,0.00116107001805788,2.3073340505094,0.0968692005820107,0.00525858212615694,3.22626756487257,0.43070471796504,0.0172993685347004,0.00267240187551648
1.57233496241051,0.0491497473783441,0.000740800105492091,2.33371663501397,0.407091985919503,0.00117104009401504,2.8094984391434,0.0901674572591616,0.000364712619938733,3.37085231978586,0.406988953548319,0.0159619520580924,0.000162353035673235
1.59103882690567,0.0489993002355952,0.00479011140766036,2.23689945775991,0.337022535372092,0.00142577006988718,2.36976739945432,0.0743428206573286,0.00092478382510875,2.90172086301228,0.487954770068524,0.0198541197590823,0.000267516431822439
1.61546915852932,0.0506231936306105,0.00335889086749085,2.08784688569033,0.260052427256094,0.00116637389928574,2.32692038330351,0.0585278179387914,0.00385772962215881,2.62630042673099,0.336810886593011,0.0148256756121583,0.00140826745704406
1.56472358457689,0.050075312470147,0.00418135958464805,2.34969967452669,0.415175085442233,0.000886234700265226,2.60054353868089,0.094294927194114,0.00199953413346346,3.335885965225,0.312101406857778,0.0133615998777797,0.00547381266088711
1.56170116636807,0.0491028502080943,0.0288580749617034,2.3619557410401,0.428893067692221,0.000135982240295312,2.8317426602643,0.101740039695861,0.000770017362413565,3.70260783463919,0.324294097428915,0.0137191186668817,0.00100139993445634
1.59640815962394,0.049360110246869,0.00133048876980553,2.24767804836441,0.383851506229349,0.00174569379024055,2.4932004846072,0.0954468120043511,0.00533825286568863,3.09707058367381,0.300994506283865,0.0123726278221713,0.00189333428633803
1.56170116636807,0.0491028502080943,0.00844512868679944,2.3619557410401,0.428893067692221,0.000158149951260473,2.8317426602643,0.101740039695861,0.00184110626981397,3.86925387209376,0.342832901577579,0.0127148133582272,0.00112944708053911
1.56573462132596,0.0485353518917441,0.00718296547619527,2.39078053855295,0.415031511568609,0.000901677011415311,2.55170919128043,0.074330187813264,0.00221334050153659,3.06942552750991,0.320523369845323,0.0144555200969396,0.00267709521949013
1.58234759963139,0.0475914403152273,0.00611702450928022,2.32259425350545,0.412754805906298,0.000780101847503867,2.44293591183438,0.118565785579114,0.011082900889666,3.06233094299739,0.315640685766332,0.0118491352252428,0.00130846924953072
1.586034034585,0.051166516536604,0.0114769507974145,2.16697630687248,0.338403880749425,0.000127723378552974,2.37974005586029,0.0956980988591183,0.00587299862651197,2.99963119998962,0.408147202249794,0.0171640954679489,0.00240148476348129
1.58079540124139,0.0512921301769275,0.00335100303239855,2.28188626451119,0.370207946644671,0.00170306687043471,2.40982633673443,0.0808076004386292,0.00256315213084394,3.20098047528481,0.316379761726129,0.0117675328927072,0.00395993426728985
1.56672392206625,0.048130781321358,0.00394851053338112,2.32711574553875,0.463785613350305,0.00115722189592923,2.56067712139654,0.0938182812560777,0.0049638797796076,2.95872281671352,0.297712646900795,0.0115742675298816,0.00395099125902189
1.59640815962394,0.049360110246869,0.00283020043643362,2.24767804836441,0.383851506229349,0.000447702721091192,2.78871777246619,0.0938913688570081,0.00022020227217801,3.34155001188012,0.448071530590926,0.0155540853263632,0.00471708146405699
1.5652903507196,0.049814993881941,0.0086144254281785,2.30785587634524,0.440456670028785,0.000143648536192562,2.60963752810905,0.0850936491696145,0.000139414363425499,3.52020035207155,0.393291110953866,0.0152943320477873,0.000369968048631615
1.57133034598253,0.0503268124176551,0.00310890569734797,2.38593599377632,0.380956908972353,0.000963223006255273,2.61473346946303,0.0775655736208199,0.00110039589452383,2.88813343479614,0.324213559573084,0.0150814460473838,0.00643964197217218
1.596861743124,0.0494255182593212,0.00019665229985777,2.30080198001068,0.367377793814918,0.000260763263639888,2.78273901304846,0.0926402503101597,0.00394254706502904,3.14998227876735,0.306444864937917,0.0140070725224979,0.00195256391911154
1.61816875005607,0.0474216069568977,0.00286046468039286,2.13959145637994,0.367808313775185,0.000387963903355156,2.42656784791975,0.0819358142781343,0.00132225681901188,3.34776726822292,0.373074348624158,0.013240862565393,0.00531814327640198
1.59911385237641,0.0486559566873909,0.000697504504859435,2.24611564919323,0.36256673138572,0.0016169372895521,2.49154159622722,0.0578150104655234,0.000963651076783909,2.76452163800724,0.429973492549788,0.0183938814466393,0.00170475491573173
1.57962299788076,0.0496610013269153,0.0153864706834735,2.25916415236971,0.409029034475631,0.000767611832089097,2.51655502897437,0.0893890155848484,0.00092173904768515,3.10078078506367,0.409720381849976,0.0162216386102995,0.00614299416658374
1.58697244278108,0.0480744689034674,0.00372290748930145,2.30235976012578,0.412017372235073,0.000228137327218036,2.70296725397534,0.10574382515905,0.000426925192230266,3.59192527418056,0.333270805691957,0.0125277864903997,0.000614199386233201
1.59490054909985,0.0497864457152081,0.00316727478824216,2.28213623231248,0.307417906504486,0.0000824482351932759,2.62170950902856,0.0739928819450035,0.000100031129095868,2.9323971908301,0.391431592853774,0.0170908816845824,0.00512072203155232
1.57176294316951,0.049813193143618,0.00888837055706264,2.28052665286499,0.397335776823108,0.000440082473891776,2.59730379632707,0.0889260212700923,0.000758669794396393,3.21254846705167,0.352908450336263,0.0155087276291499,0.00825667606513
1.57145152011158,0.0504614785132811,0.000110217832612916,2.37886857498569,0.434466632271719,0.000697475304087137,2.68395088681409,0.123654347956662,0.0053384601001767,3.71507299634135,0.299207196027992,0.010559919176848,0.00118168243080387
1.57942409666063,0.0480810226137687,0.00401010358651303,2.17263621325257,0.375557118196565,0.00058437492957196,2.53178074989598,0.0580575077429551,0.000282491202447208,2.87451687976999,0.395526325610904,0.0159580932490697,0.00589957710969983
1.56418278910148,0.0516816288893219,0.000713618656057758,2.42242853839203,0.387818755484416,0.000928503704407598,2.58725455995631,0.0896556342186981,0.0051290899254072,3.00670346012717,0.376893212120084,0.0169262911915194,0.00406747180104841
1.58934896239288,0.0494966873972222,0.000168988833861597,2.27941658801173,0.38758058898846,0.000218021246369914,2.6126442809745,0.0888149852092258,0.00410385458424889,3.48808216688922,0.395496793303146,0.0136667583638405,0.00433744550202123
1.56718137853115,0.0490888383160157,0.00355398891041638,2.30597295501685,0.413922328192381,0.000386502023835996,2.62911589416529,0.0909912270112474,0.00191237153601502,3.07078063363125,0.308824300546164,0.0131814318107311,0.0031253160934596
1.56655437663634,0.0496823991973014,0.00105027668708251,2.30800182349413,0.443334712082071,0.000629595516014526,2.54809262547122,0.103092363320409,0.000271475875130179,4.17000102440616,0.422566748131895,0.0153609013331285,0.000629970841592534
1.58097630531684,0.0500354800899187,0.00108543821137868,2.29813171513584,0.374667292302381,0.000902078005673984,2.48899565770278,0.0759388033692775,0.000427936633965259,3.67584380735672,0.42024792711374,0.0143808005092779,0.00173665430042031
1.59992047300606,0.0494532382444068,0.000339962053425704,2.16869218878867,0.314995979700943,0.000332093416332696,2.52317197695689,0.0801031949540786,0.000638371699519978,3.60715874624629,0.369104433437543,0.0115010140172269,0.00667955098114042
1.60683632451637,0.0511529666602241,0.0023498984776578,2.2243654514555,0.289009401361596,0.000398411623546394,2.39630959079792,0.0822026353404073,0.00183835151082954,3.23391728876905,0.42934899550576,0.0152441914731964,0.00517552593933702
1.57962299788076,0.0496610013269153,0.000266705183606086,2.25916415236971,0.409029034475631,0.0017789050784601,2.44557649583565,0.0980214797542077,0.00115273200353269,3.58929757656879,0.409754346044964,0.0127955843090096,0.00299092919688528
1.56573462132596,0.0485353518917441,0.000408629978218658,2.39078053855295,0.415031511568609,0.000261115697462364,2.64796312513015,0.104149691087574,0.000854776597927196,3.48203235756316,0.441981593757948,0.0154073112892922,0.0066555429453486
1.56863695738537,0.0498164832205992,0.0000933467729868991,2.14463913422949,0.381430414170898,0.0010965792405188,2.4440561670553,0.0736963883573868,0.00022848755088324,3.64925784963309,0.35472815693591,0.0145389570318048,0.000110208035367994
1.55979090199364,0.051449467209619,0.000916820300041655,2.38243011289998,0.399407318425446,0.000368463135214264,2.48803191124249,0.0842205790609246,0.000561603855903301,3.64777525826378,0.475192500186809,0.0168931357829318,0.000120434768283028
1.58097630531684,0.0500354800899187,0.0159658879377063,2.29813171513584,0.374667292302381,0.0000693958374841421,2.63255117815133,0.0898745451170082,0.00194627933197767,3.44598858881849,0.374943857116976,0.0127480190284636,0.00383607038391494
1.57962299788076,0.0496610013269153,0.00270309845895698,2.25916415236971,0.409029034475631,0.0016846131171638,2.51655502897437,0.0893890155848484,0.00218187332118571,3.48317456032554,0.342004770061989,0.0122621111343535,0.00374488126833473
1.57540963204258,0.0498906575330429,0.00428952494903345,2.3285322643966,0.420918519215294,0.0003559403496843,2.48433008729487,0.106686830845539,0.00366099095898975,3.72977874425146,0.337006164475554,0.0119403289061059,0.00125136487645697
1.58494264838886,0.0480972782225453,0.00793930061586968,2.31400888674998,0.400722294708272,0.000188615182948002,2.61495294366292,0.120935458009444,0.0000552927022905068,4.16836085277896,0.526076288462783,0.0161856892551701,0.00655220604833415
1.56140711426014,0.0492172409316867,0.000795708400366548,2.36252466335459,0.424634765579581,0.000466872124369152,2.70060364561879,0.109300341624433,0.000987690772288147,3.94923754379232,0.485336673996859,0.014441636438615,0.00682858148082962
1.58934896239288,0.0494966873972222,0.000998821837604574,2.27941658801173,0.38758058898846,0.000142530024111162,2.77411191786056,0.0860914259633753,0.000509603328009315,2.89640589447781,0.376981023805706,0.0179561307646847,0.00000552772099696098
1.5790277201586,0.052157953804225,0.00560696679844175,2.27494437573061,0.380776718095233,0.000912312159298577,2.47152148474823,0.0763689809356492,0.000242494058338723,3.11747097624334,0.406817842889149,0.015306069715365,0.00263270949588476
1.62724368031943,0.049201930955852,0.000555065969378741,2.22290682744067,0.281745917773196,0.000364218358270306,2.5904027757329,0.0638542892653225,0.000034232970311289,2.89781118064959,0.335499473449811,0.0126054250927236,0.000630953005185388
1.5602803314092,0.051420592152079,0.00626186017643617,2.29650203997113,0.420047401475967,0.0000598935126460433,2.50738556798307,0.109310462070348,0.0068187357124778,3.08338369005442,0.329861572715635,0.0127677149683343,0.000566070162950112
1.5652903507196,0.049814993881941,0.00161890600606357,2.30785587634524,0.440456670028785,0.00129794788463352,2.60963752810905,0.0850936491696145,0.0000660234205589631,3.53905544434147,0.347302242266974,0.0105535596180829,0.000453754558358058
1.59614359034798,0.0480661409761585,0.118482746752249,2.11785794221041,0.348601256444551,0.000550574185309331,2.48169041270763,0.0697833263238604,0.00339540304543049,2.95814879208024,0.355859991319791,0.0153814161241821,0.00374516516428326
1.59701930639424,0.0509077733818287,0.00241022015793939,2.23210863250691,0.371721514044972,0.000460367671376506,2.47619617461005,0.0902873856330419,0.00175060338466632,3.1718181629815,0.345673604909038,0.012886117611373,0.0000765337850267597
1.58433122322014,0.0505524572190855,0.000733000464793408,2.3236268164648,0.421439619551527,0.000730535978928794,2.65384136908885,0.105596751473356,0.00234817933437042,3.91851195297499,0.392883477417736,0.0136142647106599,0.00503272208670949
1.56718137853115,0.0490888383160157,0.000947597053700061,2.30597295501685,0.413922328192381,0.000913326257402751,2.62911589416529,0.0909912270112474,0.00164539341885683,3.43457566899698,0.435759916300552,0.017200260529029,0.00546481556748834
1.60339231385734,0.0482863456708872,0.000546708163831184,2.15045680843017,0.306386111653817,0.000272108084449074,2.58399130067361,0.0588078492844068,0.00163194331794033,2.72618860724067,0.413654569089501,0.017406159412891,0.000275980113203286
1.56256927654966,0.0516355164942022,0.00398824846881776,2.37498259627599,0.393756399900045,0.000157829368547042,2.66654948444595,0.0861623265444647,0.00263453614450062,2.86337064468576,0.366529698082036,0.0176741922290501,0.00103191604482072
1.54778314517276,0.0496627782167603,0.00109254715136258,2.43833495312487,0.436568368393172,0.0000308924715669372,2.74579882690802,0.098969954999671,0.00121233456927229,3.90253090884518,0.447668820375462,0.0146391213611191,0.00604582800126324
1.5849708744682,0.0496196002968066,0.000542120639104694,2.31355064967804,0.381370393129141,0.00170455747651145,2.39512484655568,0.095348345513284,0.00293423833320352,3.35383020646812,0.381773467472501,0.0143900716756923,0.00477654851088753
1.56170116636807,0.0491028502080943,0.00080588037480211,2.3619557410401,0.428893067692221,0.000442391883507209,2.8317426602643,0.101740039695861,0.00101819350803865,4.23704761784571,0.339055508063465,0.0107148872658373,0.00105615983879633
1.56718137853115,0.0490888383160157,0.00344600182932173,2.30597295501685,0.413922328192381,0.0000895479784381817,2.62911589416529,0.0909912270112474,0.00564916030266772,3.30692386348219,0.297518929848761,0.0123849999634035,0.00398106470231659
1.58026571994345,0.0496454277209992,0.00616723240042487,2.35302309436764,0.364905259092584,0.000255051717618248,2.67885428517733,0.07934246068362,0.000492242997959858,2.89304490775325,0.410089109328941,0.0163322144476737,0.0033192671315001
1.59701930639424,0.0509077733818287,0.000150097859069953,2.23210863250691,0.371721514044972,0.00144666294356674,2.47619617461005,0.0902873856330419,0.00461938485688361,2.876034812772,0.32464953125976,0.0134173957687981,0.00115349038287293
1.57314771395404,0.0524530247826692,0.000298963614315245,2.34531168386626,0.381353541808607,0.000292000827422509,2.55607585008005,0.0810840546392468,0.00328014689513773,3.29186530306596,0.373448833667035,0.0133976127973119,0.00421265395264074
1.56430326225354,0.0516043440450653,0.00562517116136958,2.42621882867918,0.383706470863387,0.000684975783550121,2.60348989414634,0.0890686987104291,0.00109684973727681,3.13312517563855,0.364596990109217,0.0143211525738036,0.00937245072797135
1.58566447215981,0.0483779718925522,0.0432526871154373,2.18854144982085,0.341151350269652,0.000377715678066898,2.56823007603082,0.0763811981730753,0.00151122822465257,3.09122743106671,0.346564520592782,0.0159838062528511,0.00374246129194942
1.58079540124139,0.0512921301769275,0.0032365937645078,2.28188626451119,0.370207946644671,0.00202954825800598,2.40982633673443,0.0808076004386292,0.00202547169414442,2.86461000856927,0.392543562444396,0.0176982441973183,0.00264918008711502
1.57883848828939,0.0492678591062819,0.01190028620432,2.22984898719817,0.40648707554584,0.00146403149953244,2.48222265186877,0.107965029755216,0.00216492850300672,3.7814006790442,0.4044289193051,0.0148374183387959,0.00207163631985053
1.58934896239288,0.0494966873972222,0.00154499076465751,2.27941658801173,0.38758058898846,0.000190511678687454,2.66194480445292,0.0676568028097262,0.000744210206677414,3.0528593276764,0.341757845448202,0.0162499718312584,0.00124870393800025
1.59587767072171,0.0496353608755155,0.0024655910427699,2.24537047507551,0.384186217046835,0.000737540867948328,2.47404422461784,0.0740561975549707,0.0062865711478209,3.08381826383211,0.334628272786641,0.0140567954605941,0.00253262771659576
1.56606463741586,0.0507649527496731,0.00131661206949964,2.21715780324851,0.380672235299892,0.000154718537159258,2.68238622156137,0.07395692078188,0.00149249677393246,2.95233887250897,0.35118758244612,0.0145061897988886,0.00831771336098496
1.58094084129372,0.0499242131148654,0.00814867636090437,2.31232135790441,0.36132072714492,0.000304780750656414,2.50643421328179,0.0895757974640909,0.00120169970534389,3.84918755563983,0.400118677139258,0.0133884341196008,0.00315801646124039
1.55030080664004,0.0500272158748287,0.00350205101909834,2.3675702801,0.414438003163159,0.000345015987263207,2.59757687547091,0.105892517463408,0.000803202547214732,4.11699838234653,0.420018965721504,0.0129830594988484,0.00773935052224033
1.59530919829114,0.0488738198155714,0.00293354528932217,2.30151591140056,0.33628090152172,0.000682617717557201,2.40870380034545,0.0709673599441706,0.00313142610085587,3.20402731495122,0.373168767294861,0.0131065422252485,0.00380446255861253
1.56233745948669,0.0476011772288981,0.00208036939111285,2.33926543652749,0.443623554933815,0.000912687264179056,2.58369806324598,0.0945502740556172,0.00310565042989406,3.21739764675524,0.365022073997641,0.0141763889160869,0.0128448972874193
1.56718137853115,0.0490888383160157,0.000443339847282248,2.30597295501685,0.413922328192381,0.000125227855282084,2.62911589416529,0.0909912270112474,0.00130208405373026,3.74141597708325,0.429066108567232,0.0147194659271891,0.0107311373646522
1.57540963204258,0.0498906575330429,0.00219364395275557,2.3285322643966,0.420918519215294,0.000170924056325315,2.48433008729487,0.106686830845539,0.00243240266944357,4.00016404127394,0.391127479973527,0.0136341403804517,0.000000455270998638197
1.55689966604423,0.0521855158929921,0.000866570932695636,2.41766868437202,0.375131878920666,0.000793756865994396,2.58046344604633,0.081376331348265,0.00100530821261428,3.69783207044272,0.326609292536868,0.0120789696742588,0.00507053451777506
1.57927342859421,0.0502438599952899,0.00435241786425669,2.21936254369969,0.365041312598342,0.000468785167565448,2.63918714928918,0.0825513586432878,0.000618989085286142,3.09030326161807,0.301355595059851,0.0132130430184966,0.00302674833086204
1.61395944173928,0.050206570080553,0.00174865441268872,2.19237464290807,0.318323957031477,0.000510513183595476,2.41829930950045,0.0784555669942502,0.00506938086358062,3.14806361277777,0.414628108577526,0.0172471557965201,0.00222974347689369
1.56256927654966,0.0516355164942022,0.0015821225914252,2.37498259627599,0.393756399900045,0.000682620695090367,2.66654948444595,0.0861623265444647,0.00193223419500336,2.92490084869939,0.37675843676578,0.0178035125095742,0.00262191653373892
1.56521589904064,0.0517205571065194,0.00199110885065189,2.39805485150044,0.375473468719426,0.000762704475300394,2.55401010301654,0.0821522231807504,0.0033232640598048,3.0856053958853,0.330980219619993,0.0126737707834112,0.00796273605691104
1.57163372808025,0.0500733812509723,0.0116039817261983,2.16293357215557,0.398046059525751,0.000624726858396017,2.65044535956479,0.0707435626936017,0.00159669984035171,2.76172824306092,0.309509072397503,0.0135874374762794,0.000376027227243077
1.57927342859421,0.0502438599952899,0.000823788264442545,2.21936254369969,0.365041312598342,0.00075867109767091,2.63918714928918,0.0825513586432878,0.000344668658419043,3.28586571661423,0.476110389866219,0.0181045929650783,0.00313534480189707
1.5602803314092,0.051420592152079,0.00471663303258538,2.29650203997113,0.420047401475967,0.0000179980077125108,2.72236405111255,0.114905221301808,0.000620917561850968,4.18032778705477,0.402481612663057,0.0118569343695305,0.0115263033419395
1.57540963204258,0.0498906575330429,0.0022064812345512,2.3285322643966,0.420918519215294,0.000763971961772811,2.48433008729487,0.106686830845539,0.00147358602782548,3.92992690245259,0.35923330486431,0.0113382427217613,0.00166781002928896
1.61816875005607,0.0474216069568977,0.00926672154917077,2.13959145637994,0.367808313775185,0.000687116295151646,2.42656784791975,0.0819358142781343,0.000894169002803249,3.27246418871592,0.36249159262735,0.0130413142958869,0.0066332462775832
1.60098753284555,0.0499543082669983,0.000699537983394573,2.25181667360227,0.331597574394809,0.000138338384011954,2.64793038515586,0.0909490337967714,0.00147184589339598,3.91620554995156,0.355669840657298,0.0108059295763231,0.00268578536265495
1.59252595888716,0.0494434696642264,0.000946498187695908,2.25474107416272,0.366675855767791,0.000872843900530521,2.64816910824323,0.077653802570128,0.00143035167467103,2.97423782322202,0.327547304237012,0.0159059899218894,0.00363630418037661
1.60270275180973,0.0479557594003168,0.00895062313854371,2.10235872079273,0.343531011217513,0.000454980710118302,2.49056942664737,0.090575078381069,0.00174063884367488,3.3841665826771,0.402511827697666,0.0155355665731418,0.0115266252074688
1.56606463741586,0.0507649527496731,0.000672190439659037,2.21715780324851,0.380672235299892,0.000941602589559149,2.57669384188122,0.0812720757577718,0.000758441918928813,3.50547733015217,0.300107297995663,0.011373720281878,0.00170157649330744
1.5790277201586,0.052157953804225,0.000323462930264639,2.27494437573061,0.380776718095233,0.000486886095543973,2.60223525778448,0.0715471194639461,0.00175064186492832,3.0317908641677,0.307207600921748,0.0122094460610915,0.00229937973075608
1.59472505948658,0.0492625142518881,0.00181558690150766,2.23730322465204,0.355264436469949,0.000521725520012895,2.33240707417691,0.112302813462607,0.00686603197968698,3.30327340048266,0.387194972547167,0.015219870154078,0.000050225994380221
1.57962299788076,0.0496610013269153,0.0118539557549411,2.25916415236971,0.409029034475631,0.000564851695823664,2.61084919529979,0.106387725849418,0.00122450936071394,3.72937749403081,0.414491755278267,0.0152452243525555,0.00994062486505736
1.59105502592169,0.0493289412086699,0.0102861318867377,2.22770261063935,0.368423275569561,0.000683097692748828,2.34781061338392,0.0905967085408563,0.00818127072862548,3.22417355125897,0.344277363836581,0.0122371375632437,0.00045141528250283
1.59721486080727,0.0491331000532219,0.00170000379100774,2.24154804641107,0.349079976463489,0.000769525961588981,2.62144334908038,0.0883935565343625,0.000291992134676747,3.89195522515226,0.325923547494239,0.0113690234419946,0.00229821677923724
1.54778314517276,0.0496627782167603,0.00510552221170673,2.43833495312487,0.436568368393172,0.000628568176457631,2.53916490838792,0.121916656295814,0.00321151430317607,4.03553922075346,0.365096896034761,0.0116961353874471,0.00302317149058689
1.56672392206625,0.048130781321358,0.00158256844101918,2.32711574553875,0.463785613350305,0.00141364461636022,2.56067712139654,0.0938182812560777,0.000361885091222539,3.28738603671136,0.400548905441092,0.0132750460326761,0.00666674181234252
1.58305954766253,0.0477752763703505,0.00861661535436594,2.25147061489619,0.382677342270302,0.000411601828042513,2.69845838696613,0.0766111528383148,0.00142438955402144,3.0001259510172,0.339649879095662,0.013996695004434,0.00424298944076045
1.57962299788076,0.0496610013269153,0.0391654160474275,2.25916415236971,0.409029034475631,0.00121660317269215,2.64533479742084,0.106968478244801,0.000484228048365606,4.00499549747542,0.406063163122035,0.0130516568044111,0.00276178791610476
1.56140711426014,0.0492172409316867,0.00500352472436921,2.36252466335459,0.424634765579581,0.0000977090513574538,2.71994953426689,0.0855806077809611,0.00174851545882545,3.29211648006339,0.317263582660946,0.0114477081086335,0.00765089716642702
1.58363447685408,0.0470539088084413,0.00432503837093087,2.25480495671515,0.371723167107991,0.000420989844924062,2.58095530000669,0.062636798780137,0.000304636801479035,3.14649741399746,0.339811955216739,0.013381018566301,0.0086316882141248
1.56344651731523,0.0510570312030486,0.000980806658465162,2.407210005944,0.37799058027029,0.000181394278590541,2.41305432525268,0.128958747458038,0.0181378695693485,3.23894161655481,0.33693765849268,0.0122288419703901,0.000582002152791889
1.56573462132596,0.0485353518917441,0.00343353397871969,2.39078053855295,0.415031511568609,0.000693433846024698,2.64796312513015,0.104149691087574,0.00428296942033325,3.21783245874375,0.351670687304782,0.013072097187086,0.00935286391206214
1.56606463741586,0.0507649527496731,0.0158247356173508,2.21715780324851,0.380672235299892,0.0000903152025426175,2.57669384188122,0.0812720757577718,0.00569569608186893,2.83006542751113,0.357845722343544,0.0155719548212826,0.00248943099318084
1.62466044990501,0.0481977261606934,0.000568959215920533,2.05113689741088,0.308998981613826,0.000158765716665727,2.56122826155292,0.0731769569746228,0.0010681080209389,2.94971624657627,0.288564169727745,0.0117307359267482,0.00032892095538873
1.56140711426014,0.0492172409316867,0.00430764154466464,2.36252466335459,0.424634765579581,0.000135859252535509,2.71994953426689,0.0855806077809611,0.000603685028789559,3.25084943306125,0.363626146185095,0.0142906044064488,0.0138226305841935
1.56573462132596,0.0485353518917441,0.00617561241785746,2.39078053855295,0.415031511568609,0.0000824047998825422,2.66395670385766,0.0927144435832224,0.00120938994938123,3.68398885547897,0.321277643401825,0.0123207981590385,0.00620793750635393
1.57133034598253,0.0503268124176551,0.000808742004172022,2.38593599377632,0.380956908972353,0.000212064750567848,2.61473346946303,0.0775655736208199,0.000460520307829702,3.28195768371794,0.428658392052604,0.015739432460385,0.0063482699338435
1.59587767072171,0.0496353608755155,0.0011403140008683,2.24537047507551,0.384186217046835,0.000366027800486682,2.47404422461784,0.0740561975549707,0.00141594313307753,3.29242045562213,0.452514907345699,0.0168435406871888,0.0000145064361938238
1.5602803314092,0.051420592152079,0.00327010975850115,2.29650203997113,0.420047401475967,0.0000691883618885218,2.70334271706986,0.0942307439438885,0.000405762040188181,3.94356214596362,0.350047486437078,0.0111235196599797,0.00805801867892834
1.56170116636807,0.0491028502080943,0.00045156194493346,2.3619557410401,0.428893067692221,0.00015260233214038,2.8317426602643,0.101740039695861,0.00322085768954513,2.98131563109599,0.394009950099796,0.0169176138724637,0.00103518660739128
1.57405812122611,0.0518147877565292,0.000575400463268331,2.24202552138782,0.353602322904038,0.000132954447361863,2.5374068855546,0.091908770628172,0.000972724929334004,3.53172498945847,0.462533574558229,0.014968372747569,0.00859511715490447
1.58634018466247,0.0488084541674325,0.000731975880694786,2.28035247649533,0.41272786754708,0.00181088150627897,2.28408767797778,0.113886581851625,0.0117119098595281,2.94211548102728,0.381049316813405,0.0154903702563031,0.0000770036355335129
1.56573462132596,0.0485353518917441,0.0383428547908798,2.39078053855295,0.415031511568609,0.0014683869162011,2.64796312513015,0.104149691087574,0.000458314513770133,3.70847568754466,0.394312446409392,0.0140521636971073,0.00817112597832214
1.62188614272172,0.0486803428018002,0.00331510737830906,2.10729407106741,0.302107836395615,0.000512746653440774,2.40941891903784,0.0636062134123762,0.00134999269543111,2.7044254964777,0.381485180222375,0.018120993045513,0.000108708216343309
1.56683322960866,0.0492680848920206,0.0014008232410426,2.33924881492528,0.406494093387834,0.00192519225156907,2.45802789272252,0.0954029524060906,0.00244361476589603,3.08123088874639,0.426345973937408,0.0165174715378013,0.00102734968527039
1.55030080664004,0.0500272158748287,0.0257552629172307,2.3675702801,0.414438003163159,0.000143719313866444,2.77316878923804,0.101828001162065,0.0020673267712402,3.81086587550687,0.32156136679624,0.0115936820554088,0.00179848073808254
1.56479224106165,0.0508846836310971,0.00374222891438677,2.46655266751297,0.384539589909553,0.000156133692792325,2.71897754849646,0.100248493250748,0.00143905476786626,3.31886300739402,0.33172095479233,0.0118294353258797,0.00141293093489059
1.61016220370668,0.0503978839546428,0.000159471170317012,2.15817363752935,0.335367207546902,0.00297218514306465,2.47626869545288,0.0522672699292269,0.00123504851102949,2.51606863348418,0.313236967214507,0.0163106354846406,0.0000548363459977784
1.56799381361215,0.0505742484280564,0.00107089572819713,2.35878619758233,0.396465874107873,0.000696471432646141,2.62066625746148,0.0957363891426011,0.000260220426423374,3.80911189618082,0.3796682461952,0.0126766077199857,0.0129561789773042
1.56300918656349,0.0500867779788155,0.00924671548083698,2.42080780434176,0.446549476218602,0.000103959082970881,2.91216794260578,0.101787429479072,0.00084897132464528,3.128260739555,0.35852385533603,0.0154065322501517,0.00569815984988854
1.58934896239288,0.0494966873972222,0.000127075580228815,2.27941658801173,0.38758058898846,0.000269915961274985,2.77411191786056,0.0860914259633753,0.00340720331231793,3.18958852549028,0.321987185101607,0.0113621526388661,0.00168336561810242
1.5849708744682,0.0496196002968066,0.00468292960822497,2.31355064967804,0.381370393129141,0.00211118960897579,2.39512484655568,0.095348345513284,0.000717080306844742,3.56313499388196,0.390421098586529,0.0126484916545748,0.00169230215525344
1.57926316932864,0.0515054092874401,0.00281796503968583,2.31653836622154,0.365031592198928,0.000133651649647737,2.6903821832509,0.0760557691016227,0.000197668332271734,3.33720937780585,0.304608782227452,0.0121437299277592,0.00782510410430825
1.54673717856686,0.0489313875983114,0.0260514043317661,2.44260901163744,0.468813715863559,0.00113133351095501,2.55008944716591,0.102286492335049,0.000423677602514893,3.30069022943504,0.411121787096557,0.0170634162476465,0.00233958892719083
1.55187260147733,0.0517795751620636,0.00162320367618747,2.36115753581185,0.405414337384355,0.000648739289188681,2.48263216233939,0.121323426250657,0.00432455175154931,3.72347684821423,0.397248391896089,0.0153091611507479,0.00105009309729696
1.58068011880512,0.0499144052379663,0.00060196006334162,2.27697979872536,0.338864313588079,0.000446913272404373,2.5576003070176,0.0820163720698102,0.00601334202748512,2.82424567738643,0.290118908705936,0.0138550324427893,0.000618988426427736
1.57715633378435,0.0498585786402552,0.0225206468410617,2.29590485280854,0.414183068126868,0.000372770230814481,2.62903682468851,0.0988464127704431,0.00193961410627052,3.12849680198763,0.365562016452188,0.0139219490909944,0.00265201397656946
1.56140711426014,0.0492172409316867,0.0147332971235579,2.36252466335459,0.424634765579581,0.000111956079267176,2.71994953426689,0.0855806077809611,0.0000803350824213044,3.21401004555198,0.439119556251187,0.0159953272731681,0.00252051280348653
1.58079540124139,0.0512921301769275,0.00031726210863994,2.28188626451119,0.370207946644671,0.000723352283885395,2.55731737537221,0.0953524592287467,0.00641407390153201,3.22623914097283,0.339209541713807,0.0121685595137128,0.00487653618550153
1.61768678125608,0.048700017651393,0.00586445508587664,2.09262090672264,0.280416727355954,0.000118487896268689,2.42315405711232,0.0585300665554801,0.00423375644034202,2.6394143563328,0.348141736027844,0.0170750800282797,0.00356561530430891
1.57245924121863,0.0516978728651045,0.00222504067482138,2.31161980595495,0.40791830202951,0.00097257064222427,2.4402270852448,0.0898584099381832,0.00702633857267358,2.91256822366302,0.38003947575568,0.015793854497264,0.00400279911807676
1.598314489053,0.0493681481305078,0.00155681805505542,2.19586678663162,0.373896844758544,0.000264525016591779,2.60341353763428,0.0843568425064345,0.000909411469524641,3.66069831854557,0.35750639822919,0.0132173575925848,0.00810325224210839
1.58168516485712,0.0490333717441781,0.017569725488499,2.2716663480326,0.412676222024345,0.00118290206470477,2.49561520566618,0.114170991328568,0.00375339268280861,3.39471127801735,0.383093833110232,0.0121533191416285,0.00108382353498437
1.5790277201586,0.052157953804225,0.00111549841521139,2.27494437573061,0.380776718095233,0.000883376633917327,2.47152148474823,0.0763689809356492,0.00245903972152045,3.11058379266532,0.372505962794829,0.0134913633328044,0.00495904774301191
1.55030080664004,0.0500272158748287,0.000539125465890752,2.3675702801,0.414438003163159,0.0000709650624892015,2.59757687547091,0.105892517463408,0.00727432498325918,3.19478524807236,0.3455854029,0.015744257272775,0.00244040327359072
1.56214121843011,0.0500335911403631,0.00961062877925761,2.26345243466538,0.394386765802926,0.000276266780725,2.40781811708223,0.0934335762094378,0.00270430795681734,3.44812064963245,0.402418881106112,0.014449339178837,0.00538464752028886
1.56573462132596,0.0485353518917441,0.000222674970323217,2.39078053855295,0.415031511568609,0.00167048414315004,2.59744260320434,0.0820062440054853,0.000560702834992946,3.36064400510513,0.408895236719114,0.0166200085195385,0.0085654806399284
1.57883848828939,0.0492678591062819,0.00646152924944313,2.22984898719817,0.40648707554584,0.000220131105371123,2.48222265186877,0.107965029755216,0.00954555467738187,3.12614146957669,0.329208232667171,0.0142836924369356,0.00583776327625193
1.55598574443619,0.0491825656690004,0.00241809431826385,2.37836359578173,0.401825873229279,0.0000499935753546346,2.711578983702,0.0871551221055427,0.000865776400620663,3.61990983767382,0.315429681669472,0.0110217797617365,0.00872301003568684
1.60109304250934,0.0494487014715334,0.00361056011084258,2.19831468631435,0.353766412186972,0.000617276910265888,2.42888335207854,0.113053388852816,0.00185000042848104,3.76931791032563,0.484978001257791,0.0166032182395617,0.00448194182132163
1.58697244278108,0.0480744689034674,0.000306968792635236,2.30235976012578,0.412017372235073,0.000147439888519564,2.6148639873329,0.0986662129734248,0.000308437363255551,3.74439343329848,0.522041859220993,0.0182413061591314,0.00468670017395072
1.56140711426014,0.0492172409316867,0.0273427814514264,2.36252466335459,0.424634765579581,0.000491657154697953,2.57577285468387,0.099403115166905,0.00274566112265651,3.44669446158185,0.357044610695145,0.0137768660447192,0.00478402058162362
1.60339231385734,0.0482863456708872,0.000160406777408437,2.15045680843017,0.306386111653817,0.000533805388396591,2.58399130067361,0.0588078492844068,0.00261221304851799,2.92321390725833,0.309373362120025,0.0123916986630923,0.000509771873795046
1.56140711426014,0.0492172409316867,0.0028206662611267,2.36252466335459,0.424634765579581,0.000650191913516232,2.57577285468387,0.099403115166905,0.000226155330319359,3.5621027373943,0.406951051476444,0.0152223470778073,0.0116363827984508
1.5968252751435,0.0487217000597873,0.00761625963577715,2.26836712097821,0.332571938638236,0.000023133286224205,2.626400409954,0.0828203857563109,0.00138491331326112,3.31142784606609,0.377243348805406,0.0150658197036162,0.0120408070366921
1.56912135842141,0.0496922354892108,0.00111897449932301,2.35842394436489,0.426271350944087,0.000457169271960408,2.7684164057357,0.0906294803009364,0.000765874635349712,3.63516850157677,0.30833899214536,0.0120981117282496,0.00790587629937582
1.63118496028248,0.0485195905953083,0.00521929748049236,2.09934865033672,0.306182250402362,0.000131635560060649,2.56043104191648,0.052231032591469,0.00183377200723546,2.75618511077811,0.35298361921433,0.0153657318286443,0.00123534870174873
1.58697244278108,0.0480744689034674,0.000616305874522145,2.30235976012578,0.412017372235073,0.000486881369674465,2.56801573930508,0.102796120398784,0.00485053550844446,3.39792319821619,0.293454770445667,0.0111612867229962,0.000666415619552363
1.62651288075977,0.049286727198091,0.00214254901691737,2.0890579360048,0.282469896161812,0.00095339061349822,2.38538713077172,0.0724025606915611,0.000454914450545218,3.04228189703406,0.326447340219169,0.0145640388223842,0.00306363191474663
1.55979090199364,0.051449467209619,0.000086929485111901,2.38243011289998,0.399407318425446,0.000995812770447985,2.48803191124249,0.0842205790609246,0.00417502623507524,3.26298990118365,0.45142910216719,0.0161116423242062,0.00246954410644142
1.59721486080727,0.0491331000532219,0.00342933224119022,2.24154804641107,0.349079976463489,0.00163979217430548,2.31690847955065,0.0630429108241824,0.00206963875178362,3.10408814514358,0.395597491759342,0.0163725301885818,0.00374655574842035
1.58305954766253,0.0477752763703505,0.000670912109539575,2.25147061489619,0.382677342270302,0.000529791741974334,2.63525305569733,0.0913859742557732,0.00177045309357859,3.28866524924061,0.399529712442216,0.0124918084833654,0.000961960378966432
1.55468949888315,0.0528395924756027,0.000334738854244059,2.43428861146095,0.401079544864518,0.000325462886458963,2.69217506942948,0.0949055901563441,0.000690808702221325,3.4018002202344,0.417043541752585,0.0153365458409515,0.0109731237980245
1.57715633378435,0.0498585786402552,0.0013321444125996,2.29590485280854,0.414183068126868,0.000593759496530873,2.65520629672203,0.106150052215562,0.00315996556155473,3.04758020685876,0.482956048806996,0.0196764540662499,0.000356941643024372
1.61100636309547,0.0508188553870998,0.0047358798300424,2.12499264044738,0.24803513655584,0.000318468810607026,2.38898830782476,0.0479149316564505,0.0019277015040925,2.5358830072799,0.362974021402753,0.0174054922781581,0.000720682989764001
1.61225669275908,0.0506490090126544,0.00636922312820367,2.25642352269701,0.340661527773209,0.000241600885298421,2.62852707463514,0.100301142524515,0.00270493418508613,3.50411087393184,0.379765792148809,0.013800236269251,0.0030740318081464
1.58934896239288,0.0494966873972222,0.00208778531065593,2.27941658801173,0.38758058898846,0.000880007128399772,2.6126442809745,0.0888149852092258,0.000794256088059511,3.12945559649853,0.458343655902725,0.0194431578467121,0.00288573242268414
1.59614359034798,0.0480661409761585,0.0044455296429197,2.11785794221041,0.348601256444551,0.000169735277282715,2.48169041270763,0.0697833263238604,0.000135176281280198,2.99718922217042,0.370436987305097,0.0133168763102654,0.00304087475941544
1.58934896239288,0.0494966873972222,0.0111846793990976,2.27941658801173,0.38758058898846,0.0000342422949046099,2.71613938308032,0.0868029919131979,0.00192810949604048,3.05690252964133,0.315267867224796,0.0141962392243883,0.00354875542234208
1.56256927654966,0.0516355164942022,0.00112761757235074,2.37498259627599,0.393756399900045,0.00125183827729349,2.499628067737,0.0723015498055048,0.000503971375992521,3.41657377907905,0.364465189592303,0.0136043705939146,0.0087497083521156
1.58934896239288,0.0494966873972222,0.000966057607500388,2.27941658801173,0.38758058898846,0.000115253327447092,2.71613938308032,0.0868029919131979,0.00321216829748759,2.8848853394528,0.34534748575786,0.0143683784734887,0.00579326011231119
1.6084191933148,0.050979076993925,0.000787950153604201,2.13892002493459,0.298019183728326,0.00000229410244459731,2.47644860462145,0.0575684034084254,0.0000158452665973038,3.27664367336433,0.392596381524505,0.0163468265125386,0.00377560105664709
1.55401910624051,0.0492036669276253,0.144961263073206,2.13225873011626,0.42870378549941,0.00250681562821525,2.40116039286715,0.0811758210730502,0.00055333556371995,3.06472538789653,0.354271642392569,0.0156478132169418,0.00793606317484995
1.57245924121863,0.0516978728651045,0.00316016666723106,2.31161980595495,0.40791830202951,0.00209978659220673,2.4402270852448,0.0898584099381832,0.000304750446442371,3.37496570040888,0.391770854344694,0.0157132622570989,0.00940809595138764
1.62188614272172,0.0486803428018002,0.00386565038929183,2.10729407106741,0.302107836395615,0.000628210706234665,2.40941891903784,0.0636062134123762,0.00109343595276008,2.77422866305206,0.379594588112948,0.0170443416073618,0.00561789754076707
1.56200107666748,0.0503060133451469,0.0048484614116886,2.38103542915157,0.406773622903078,0.000241946233293546,2.72732157611614,0.0969220019366774,0.00216661765780318,3.30101983812258,0.345425290544768,0.0143445239189887,0.0126432960690308
1.60109304250934,0.0494487014715334,0.0157364246853075,2.19831468631435,0.353766412186972,0.000349408097199759,2.72481175466186,0.0824312154982988,0.0000886942264172506,3.27001385430202,0.298414011818161,0.0113901861265595,0.00195238752534814
1.59614359034798,0.0480661409761585,0.00115501451065825,2.11785794221041,0.348601256444551,0.000600397480487711,2.48169041270763,0.0697833263238604,0.00550648972510154,2.72944627869283,0.281109643120732,0.0124078292600389,0.00186494067897455
1.54778314517276,0.0496627782167603,0.00183904316355113,2.43833495312487,0.436568368393172,0.000821047418201618,2.74579882690802,0.098969954999671,0.00106701074039939,3.16480925520886,0.390999909813748,0.0179161891964414,0.0000155232913820181
1.57314771395404,0.0524530247826692,0.000591928861256051,2.34531168386626,0.381353541808607,0.00164639176441614,2.50852639173009,0.0934333890595248,0.000257699318530543,3.58914169193054,0.462730255524135,0.013888977399135,0.00117458819785017
1.59065833417799,0.0505985971583592,0.00279377212961259,2.26524934703714,0.342482030423615,0.000296519047268304,2.60095010887239,0.101172669179762,0.00172298540460266,3.49353840842112,0.399626879125062,0.0142914161397356,0.00848032031829272
1.56256927654966,0.0516355164942022,0.0001083647159588,2.37498259627599,0.393756399900045,0.00167158381682834,2.499628067737,0.0723015498055048,0.00108462483021159,3.10303728153915,0.34788933750555,0.0144446058946694,0.00841625551069152
1.59626456098852,0.0485503923391112,0.00939895471576176,2.15890187228239,0.367621702779081,0.00191498350729847,2.19285864633275,0.0935627341435426,0.00269195418695887,3.47035367764316,0.415943440055747,0.0150098389524421,0.00225918625086657
1.61395944173928,0.050206570080553,0.000399848311789761,2.19237464290807,0.318323957031477,0.00190045841628394,2.41829930950045,0.0784555669942502,0.00280368676852338,2.90844056712219,0.405009096659654,0.0181810405635214,0.000260033118574978
1.57962299788076,0.0496610013269153,0.00293983009717305,2.25916415236971,0.409029034475631,0.0000803675076420058,2.61084919529979,0.106387725849418,0.000391373833274563,3.29634607092502,0.500914713849181,0.0166309361988198,0.00221152411197341
1.54778314517276,0.0496627782167603,0.121280593564687,2.43833495312487,0.436568368393172,0.000938724666719764,2.53916490838792,0.121916656295814,0.000725692254236243,3.69166158768293,0.437504767026272,0.0159234104935538,0.000997872653482178
1.5884431732349,0.0488952733874613,0.000383798381947675,2.22823900420882,0.406706016640701,0.00158144483987643,2.64492283281224,0.0855671455767942,0.000422248675279901,3.40386457666543,0.352055440036701,0.0157733285298205,0.00174447486048955
1.58739124199568,0.050544635777433,0.00215240648179733,2.22329841087512,0.318601534578805,0.00018647914681693,2.38703084053663,0.0685164098217224,0.000617939377443859,3.22026219525265,0.426202280922925,0.0155963834966049,0.0048982363223851
1.56256927654966,0.0516355164942022,0.000704340882588794,2.37498259627599,0.393756399900045,0.00071474221354256,2.66654948444595,0.0861623265444647,0.0027768085455535,3.14747651445143,0.314358566746145,0.0110153155288048,0.00343020673734774
1.55598574443619,0.0491825656690004,0.0253796908789626,2.37836359578173,0.401825873229279,0.00105212262900512,2.711578983702,0.0871551221055427,0.000629623014772349,3.41855525749423,0.361205750357604,0.0142153929948891,0.00373658757046883
1.56799381361215,0.0505742484280564,0.000539940141816153,2.35878619758233,0.396465874107873,0.000559657167065745,2.69208637461194,0.0935704734470046,0.000525693050138983,3.51849535976936,0.517449462275607,0.0165613122361395,0.00210414965059304
1.5602803314092,0.051420592152079,0.00112179298214713,2.29650203997113,0.420047401475967,0.0012280129584087,2.50738556798307,0.109310462070348,0.00129174592187744,4.13946025824034,0.418399899941184,0.014840973141534,0.00159987192571784
1.56140711426014,0.0492172409316867,0.011963387545981,2.36252466335459,0.424634765579581,0.00039977440399925,2.71994953426689,0.0855806077809611,0.000663079817578082,3.33657982313708,0.38031249953846,0.0132875865150725,0.00433609888920367
1.59911385237641,0.0486559566873909,0.00183955333754097,2.24611564919323,0.36256673138572,0.00136691787966756,2.49154159622722,0.0578150104655234,0.000827502675353732,2.7719816973005,0.337516872901724,0.0139515739559597,0.00273367998477282
1.59721486080727,0.0491331000532219,0.000585673349808757,2.24154804641107,0.349079976463489,0.000899131693099227,2.62144334908038,0.0883935565343625,0.00304391032560899,3.18085538539548,0.364539760016595,0.0139242764499545,0.00495187800885124
1.58097630531684,0.0500354800899187,0.00752198709292992,2.29813171513584,0.374667292302381,0.000996383248715116,2.48899565770278,0.0759388033692775,0.00302400094759543,3.09010880585941,0.36125380900738,0.0146111615234835,0.00391757406290741
1.58305954766253,0.0477752763703505,0.0162677004945198,2.25147061489619,0.382677342270302,0.000204622337545775,2.61330257699392,0.102632423811176,0.00352021436076031,3.62413878304311,0.377565474682945,0.0143471397434818,0.00752197546047014
1.59564248708755,0.0491358138615291,0.000046859141914753,2.240229455406,0.411166986031641,0.000316036390140639,2.71268108376677,0.0868066900489829,0.000408694370599082,3.18986897393639,0.370040474159726,0.0151576381108861,0.0113848339517753
1.5483175727222,0.0505683413900865,0.000837238233090801,2.48846799770997,0.410719011357252,0.000128361036886868,2.67248964333176,0.104597954414851,0.00584025691076688,3.5532344491546,0.32662642068613,0.0105265441617303,0.00259287829580872
1.55289400660752,0.0507938103094928,0.000907032652652113,2.40354332673675,0.440371757728052,0.0000771516375663173,2.93426975395645,0.0821414422119703,0.000197319708607996,3.35825036370318,0.365270281475177,0.0125514495519705,0.000946771720355919
1.56573462132596,0.0485353518917441,0.00430415904312677,2.39078053855295,0.415031511568609,0.000110300513965846,2.64796312513015,0.104149691087574,0.00173199859812676,3.40156642059591,0.369864303600548,0.0133180469899146,0.00988187988909162
