R0_wuhan,recovery_wuhan,R0_alpha,recovery_alpha,R0_delta,recovery_delta,weight
1.5906583341779912,0.0505985971583592,2.2652493470371446,0.3424820304236154,2.4454705672645267,0.12168537013194199,3.0994509363432143e-4
1.5933147842644315,0.04898060868000156,2.316684152441077,0.3392083006692066,2.54401020834548,0.1162609106844824,0.0010908254939243217
1.5780768120224675,0.05046536024603251,2.2010407597158106,0.3788739808695585,2.4104247900784594,0.11101319146244681,2.251422852539921e-4
1.5697869815080454,0.04942507241167208,2.4056844886847646,0.40492884727267053,2.6615954756478026,0.10363113955005368,0.00436141325165617
1.5979371145064991,0.05026398330683042,2.241657652319422,0.30887280103095566,2.7281667387855912,0.06554055606713313,0.0021426415034902107
1.562001076667475,0.05030601334514686,2.3810354291515714,0.40677362290307806,2.7368870192358132,0.08193781863170532,8.217240148593257e-4
1.6104592959679267,0.04956932645547914,2.254298364608739,0.3091810757105686,2.422297574301232,0.09906638744370072,2.2505943088668122e-5
1.5906583341779912,0.0505985971583592,2.2652493470371446,0.3424820304236154,2.6009501088723894,0.10117266917976214,0.001533294779438522
1.596861743124001,0.04942551825932122,2.300801980010679,0.3673777938149182,2.782739013048461,0.09264025031015968,0.004236200094774231
1.5794240966606348,0.04808102261376873,2.1726362132525714,0.3755571181965652,2.5317807498959772,0.05805750774295512,0.0010535287411198517
1.577751857773593,0.05122975829460233,2.3723563299358843,0.34750449891521584,2.681821904326829,0.07673893875663315,0.005357041272663611
1.6171462039216435,0.04892966044605399,2.242976468432985,0.3178430570884981,2.4521531613223444,0.08378074810110579,0.0030820285037348382
1.5943315602493162,0.05039747041145787,2.171051331166879,0.30908113289711836,2.1902911369151616,0.11819168600486665,5.188852458714218e-4
1.5540191062405058,0.04920366692762527,2.1322587301162583,0.4287037854994103,2.2788790131031185,0.107342424115182,0.001138662785921441
1.5873103031954054,0.04958731397727236,2.226331523799746,0.4095638370100197,2.608835883668699,0.12380341418557494,0.0015379982221928505
1.5828431813759312,0.04904149357369859,2.240029979382508,0.33947890346874515,2.38999323075883,0.056180450113355776,3.365886697842521e-4
1.6154691585293248,0.05062319363061046,2.0878468856903343,0.26005242725609395,2.326920383303513,0.05852781793879135,6.263533807533127e-4
1.5697869815080454,0.04942507241167208,2.4056844886847646,0.40492884727267053,2.8949106466987864,0.07553588467898223,0.0012536073443782066
1.5697869815080454,0.04942507241167208,2.4056844886847646,0.40492884727267053,2.5363974650548435,0.1061163307237895,0.0012383928129132372
1.5771563337843504,0.0498585786402552,2.295904852808543,0.41418306812686834,2.759233742179279,0.10016601261589843,9.304151397092766e-4
1.5630091865634903,0.05008677797881549,2.420807804341761,0.4465494762186017,2.912167942605777,0.10178742947907214,0.0032063058008206043
1.5864877143318217,0.05001828463280395,2.263982564125408,0.3356062158127924,2.489251541255847,0.09948183737697835,6.452602062251915e-4
1.5802657199434482,0.04964542772099924,2.353023094367641,0.36490525909258426,2.5500599134635844,0.10746341008107743,0.0015138010912229684
1.5826213263322912,0.04896545881183198,2.3470602533761897,0.3713216667910024,2.362720782708661,0.1078082263437747,0.002063970400717449
1.5792631693286416,0.05150540928744007,2.3165383662215393,0.3650315921989277,2.448763814499748,0.09339343758825118,5.5106221669670166e-5
1.5643032622535358,0.05160434404506526,2.4262188286791826,0.38370647086338694,2.5108941044470456,0.09050777978555712,9.716698874069148e-4
1.6171462039216435,0.04892966044605399,2.242976468432985,0.3178430570884981,2.374021294153737,0.11550999030058912,4.8563969127547697e-4
1.5729554769647007,0.04986894568788797,2.3343723510348138,0.43829404216725526,2.466898269658624,0.16380162314420516,1.0594163470229279e-4
1.5949005490998502,0.04978644571520815,2.282136232312479,0.30741790650448625,2.4090071788211103,0.09714054323307639,0.0014400329940182177
1.5869724427810783,0.04807446890346739,2.302359760125778,0.41201737223507273,2.7381415245088836,0.07563683662237165,0.0010470126915550417
1.5790277201586045,0.05215795380422499,2.343023526254253,0.33532523170666295,2.499669224783627,0.061529469613120856,0.0023997316507999526
1.62012185085338,0.04970506253933302,2.1778295396592173,0.3114123202864348,2.682541481157752,0.08579900881928547,0.002181784710154281
1.603445663865798,0.04962890482025787,2.179948476111661,0.34239396982828235,2.4605214199926904,0.09395731012507193,3.9940317842330255e-4
1.5682678292536374,0.04856036388251049,2.333883458412186,0.4060674697982137,2.4675668542038616,0.0735579161914753,0.0013293265999050653
1.6081186701539791,0.04801934501251846,2.1725839378066847,0.3236872568841422,2.6697005261775706,0.060112537149609555,0.0017313806118459463
1.5999358462287403,0.04998890486145951,2.140362346060287,0.2955834474983474,2.253508981508023,0.08212356213836662,2.7993196878711366e-4
1.5958776707217064,0.04963536087551554,2.245370475075512,0.3841862170468355,2.6682549324830322,0.10629180869942877,3.969682593123061e-4
1.5975548296719193,0.05006812950844991,2.29194767059159,0.333706851422011,2.368617677233575,0.07743561391327754,0.0018245452148869911
1.5863401846624667,0.04880845416743253,2.280352476495335,0.41272786754708,2.4134658547741616,0.131307966320601,4.1228073041786226e-4
1.6004240016720808,0.04727107980553199,2.2450310112986953,0.3999510573070443,2.5615108563309814,0.08759909424231839,4.960585933207454e-4
1.565734621325956,0.04853535189174414,2.3907805385529466,0.415031511568609,2.647963125130154,0.1041496910875736,0.002822333249624613
1.561407114260141,0.04921724093168669,2.3625246633545873,0.4246347655795807,2.670909000169115,0.08465290887896802,0.003016659969470462
1.610704695576783,0.05055633992822372,2.1385286491484177,0.3105419872677258,2.4031161420970424,0.07809211662641094,4.773317233186213e-4
1.6068363245163744,0.05115296666022407,2.224365451455501,0.2890094013615962,2.396309590797918,0.08220263534040727,0.0021037291234122708
1.572459241218629,0.05169787286510455,2.3116198059549458,0.4079183020295096,2.2832781139216642,0.14259865153678278,8.347355029785598e-4
1.603445663865798,0.04962890482025787,2.179948476111661,0.34239396982828235,2.5232054283064604,0.11119394375733943,4.368330218196338e-4
1.6100792697558255,0.04846790567043088,2.1221641418249564,0.32002783503901716,2.4047070945037046,0.08137626541323176,5.957451344762401e-4
1.559828741748012,0.05014937354997381,2.393224784471194,0.44568147795451385,2.447985968023998,0.1296066788628556,7.858714936220447e-4
1.6177792865743024,0.04924453959968324,2.1949782933383304,0.3066445041667618,2.218452899183405,0.10509099701028711,8.580048155471687e-4
1.568636957385371,0.04981648322059924,2.1446391342294944,0.3814304141708984,2.4440561670552965,0.07369638835738677,0.001917562488992449
1.5846412351876316,0.04892565963837601,2.3082973014471,0.4168720810163853,2.512557530233734,0.08014534053213784,0.00259649890400906
1.5949005490998502,0.04978644571520815,2.282136232312479,0.30741790650448625,2.6217095090285563,0.07399288194500349,0.0024381710634180146
1.5717629431695126,0.049813193143618,2.280526652864989,0.39733577682310833,2.5812192740481295,0.14631354708847932,1.002349970441893e-4
1.5869724427810783,0.04807446890346739,2.302359760125778,0.41201737223507273,2.614863987332898,0.09866621297342479,0.003688831729321117
1.5790277201586045,0.05215795380422499,2.2749443757306103,0.3807767180952328,2.6022352577844785,0.07154711946394607,0.003143928510655367
1.5625692765496582,0.05163551649420224,2.222958457899373,0.3685457316810301,2.311542754556506,0.10755814302676392,9.596683813017286e-4
1.6165528848703357,0.0487397726283616,2.227177792437915,0.2781291368556445,2.2637449700751144,0.07293484184989711,2.7773466450966823e-4
1.5836086077772016,0.05101605838914403,2.2095439202863254,0.39192147502047353,2.345905269899828,0.11699085512882465,0.0015965020350308381
1.5717600838036343,0.04916006994623529,2.339417365139595,0.45317100992038134,2.5428378171413817,0.13443964625231714,0.0012792898305246973
1.5968252751435037,0.04872170005978735,2.2683671209782106,0.3325719386382358,2.6264004099539964,0.08282038575631087,0.002293643172405203
1.5884431732348994,0.04889527338746129,2.2282390042088176,0.4067060166407013,2.644922832812244,0.0855671455767942,0.0036062360772912304
1.5647235845768888,0.05007531247014701,2.34969967452669,0.4151750854422327,2.6005435386808946,0.09429492719411403,0.0012134738282579807
1.5771563337843504,0.0498585786402552,2.295904852808543,0.41418306812686834,2.655206296722031,0.10615005221556156,0.0034560995031358193
1.5920544553361065,0.04949198834700627,2.2719585754216487,0.3817122223932172,2.522625421752288,0.08920889179696344,1.5034590280456738e-4
1.5906583341779912,0.0505985971583592,2.2652493470371446,0.3424820304236154,2.509838822932101,0.09072094778679277,3.8008783205599684e-4
1.6004240016720808,0.04727107980553199,2.2450310112986953,0.3999510573070443,2.5994570033761115,0.09566791486208916,0.0025645073623404443
1.572459241218629,0.05169787286510455,2.3116198059549458,0.4079183020295096,2.440227085244804,0.08985840993818316,0.0035830045524643944
1.5597909019936371,0.05144946720961897,2.3824301128999825,0.3994073184254459,2.2990848613492836,0.14929183679797733,4.3179740960358275e-4
1.6198165453950055,0.04784779345828439,2.132693183549849,0.33875842741868417,2.2861462957672023,0.10299705463924129,2.2668121775667706e-4
1.5597909019936371,0.05144946720961897,2.3824301128999825,0.3994073184254459,2.79237320555083,0.07508673397732679,5.401469133759723e-4
1.5713405789257535,0.05022683626349807,2.423717057976606,0.41501867571018736,2.6002079868569563,0.07932135157085435,0.002205608941696276
1.5810600081909698,0.05222520380126327,2.2674024327634212,0.3484611096399952,2.351607090275345,0.12473623526547806,9.992542106663461e-4
1.5830595476625349,0.04777527637035049,2.25147061489619,0.3826773422703018,2.6352530556973344,0.09138597425577319,0.003838145798135158
1.6067679188252515,0.04929877316579441,2.2233900564462044,0.3070969312853701,2.5606002899024665,0.08000241870100125,1.6312484724835497e-6
1.5882789077375656,0.05049138573737928,2.2547937652359957,0.34378777033700586,2.344723695567557,0.12874482795516898,3.585784489679968e-4
1.5849426483888576,0.04809727822254527,2.314008886749975,0.4007222947082716,2.6149529436629164,0.12093545800944368,0.0041470353014120874
1.5634465173152294,0.05105703120304856,2.407210005944005,0.3779905802702904,2.341152487928883,0.1111610667336811,0.0013490592662945128
1.562001076667475,0.05030601334514686,2.3810354291515714,0.40677362290307806,2.637572819315468,0.06571516833595999,0.004119119476405577
1.5991138523764126,0.04865595668739092,2.246115649193226,0.3625667313857202,2.34492083853532,0.0964726737645,0.001413444012834156
1.6040115508634212,0.05065747898571953,2.185514836367278,0.2954633968923891,2.4258194295676794,0.08140361520461198,0.0015075427479482016
1.5867528371061728,0.04955100478665631,2.3117676010362556,0.33429496961725813,2.5588205049670587,0.09294194835985704,0.001116974701814954
1.5868684640960633,0.04923939529591741,2.0183762460261425,0.33772069403136973,2.312480482855162,0.0715427057596039,4.7874020734147587e-4
1.5849708744682007,0.04961960029680658,2.3135506496780356,0.38137039312914095,2.573425890917879,0.08615982932445165,4.669300307123789e-4
1.5820034942310546,0.04884591888014252,2.29754018421746,0.34234191990031293,2.6416368458477746,0.08293047854530865,8.252818593962144e-4
1.5598872329878313,0.05282179255050564,2.401946812764963,0.39627189443455463,2.7100892725732786,0.08039007945475392,0.0023398157656735175
1.6110063630954663,0.05081885538709983,2.156952459036749,0.2919195481132175,2.512572463104904,0.06843402245639202,0.0031888068164933276
1.5897494126874916,0.04885175018541198,2.2102692081129978,0.3842788892135603,2.5355849581357255,0.10864039315491658,9.79158680607909e-4
1.6178203146237249,0.04910897760076424,2.145685867887443,0.30738058303307847,2.3367649977714495,0.10495268553716795,0.0011264611951176486
1.5634465173152294,0.05105703120304856,2.407210005944005,0.3779905802702904,2.2095718232938455,0.14167207458968273,4.1522735664084663e-4
1.598754938451031,0.05158205771679756,2.299758707279017,0.3419631266296692,2.723044314369783,0.06586834481948695,0.005211417528362523
1.5679938136121452,0.05057424842805636,2.358786197582331,0.3964658741078731,2.6920863746119377,0.09357047344700456,0.0034495541324342806
1.6251774805483612,0.04767503929423555,2.12666921583321,0.3385264204182536,2.664500555067981,0.10818729454007332,0.0024677105560582937
1.5958386774200173,0.04933112572616626,2.179333820701606,0.3628304003430734,2.375617310292318,0.0970037327744803,0.0024532850107303146
1.5701874570554637,0.0477147640514826,2.336617272236335,0.4065038314185194,2.573182887463157,0.07975507069118834,0.001512669320377091
1.6040115508634212,0.05065747898571953,2.185514836367278,0.2954633968923891,2.3897385945536396,0.09828786910884658,5.456330038359834e-4
1.5968252751435037,0.04872170005978735,2.2683671209782106,0.3325719386382358,2.302103526696639,0.08777904130989049,0.0013966821380134084
1.5926768101050843,0.04946822309510908,2.294004159530667,0.3690916679598632,2.5755248761777105,0.10411262793389497,0.0020273211704183425
1.567181378531149,0.04908883831601566,2.3059729550168533,0.41392232819238145,2.629115894165294,0.09099122701124744,0.003716982995653914
1.561407114260141,0.04921724093168669,2.3625246633545873,0.4246347655795807,2.575772854683867,0.09940311516690496,0.0037072213184300706
1.580976305316843,0.05003548008991872,2.2981317151358396,0.3746672923023811,2.4889956577027763,0.075938803369277455,0.002815584464255236
1.6227349222204968,0.04850374058928864,2.0957784649002704,0.3092144061578631,2.786992209936166,0.05170493847010227,0.003988144934496811
1.5643032622535358,0.05160434404506526,2.4262188286791826,0.38370647086338694,2.5252517185512957,0.09008552334327197,0.0018466283120655703
1.5884589875059876,0.05125026741606976,2.216990780040039,0.34565366374258133,2.43742707901567,0.11540778025107361,0.001844159073467791
1.5924923334313104,0.05044189584950675,2.3635546712980005,0.3642135657079949,2.295768938732716,0.129163676833014,5.226318374622521e-4
1.6099553256120762,0.04857537086838432,2.22548028736485,0.3395043784121243,2.515742877119881,0.12683774048936264,0.0018235396233800682
1.5788384882893889,0.04926785910628186,2.229848987198168,0.4064870755458396,2.713959367062093,0.1094871810943406,0.0013583875517789983
1.5864877143318217,0.05001828463280395,2.263982564125408,0.3356062158127924,2.6702777568992833,0.07964588212050629,0.003822245977382967
1.5631903174577428,0.05091837593354886,2.379018308524812,0.4256902553043674,2.567527520881446,0.09696393789046351,0.001751904524668365
1.564996143429652,0.04783189541126431,2.147248674273654,0.3681134111176818,2.604734799850012,0.08671952331553547,0.0029777277209009126
1.562001076667475,0.05030601334514686,2.3810354291515714,0.40677362290307806,2.727321576116143,0.0969220019366774,1.169675585071002e-4
1.5467371785668638,0.04893138759831138,2.4426090116374417,0.468813715863559,2.697406939683666,0.07137877967297733,1.7491153733366772e-4
1.571633728080245,0.05007338125097228,2.1629335721555747,0.3980460595257505,2.6504453595647943,0.07074356269360171,0.0016333099672183075
1.5783225045183498,0.05006108469142911,2.2893318620535084,0.3799203362150743,2.248881000257839,0.14906193113176355,3.100374955685831e-4
1.5602803314091993,0.05142059215207899,2.2965020399711316,0.4200474014759674,2.7223640511125455,0.1149052213018076,0.002218675419702839
1.5853338465908156,0.04982654051572115,2.3346491709256787,0.37004940163647126,2.370463488744403,0.10223692869933765,1.547489481475252e-4
1.5652158990406375,0.0517205571065194,2.3980548515004427,0.3754734687194264,2.830051293423768,0.07112031329571207,0.0023900706284367356
1.6158167566567812,0.04973823551708186,2.171443778933147,0.2804552384008512,2.6227352123780117,0.06978201047284394,0.0027407146975876396
1.6099553256120762,0.04857537086838432,2.22548028736485,0.3395043784121243,2.60704209814537,0.06542761549667245,9.63002613726357e-4
1.6241615558289535,0.05238639968404483,2.1323353444869824,0.25929422443487304,2.489487993012822,0.07289698815765658,0.0034911939450644955
1.5759140498034536,0.04867460886731067,2.2778242678070595,0.4208781084731385,2.7979467262726097,0.09476141160761715,0.0035229567697810105
1.6040115508634212,0.05065747898571953,2.185514836367278,0.2954633968923891,2.6214177356554527,0.04959333425549537,0.001432595481589851
1.5897494126874916,0.04885175018541198,2.2102692081129978,0.3842788892135603,2.715207038231706,0.09786985738355214,0.0025444187296200355
1.5999204730060608,0.04945323824440676,2.168692188788675,0.3149959797009431,2.5231719769568888,0.08010319495407858,0.001133396512029902
1.610162203706685,0.05039788395464279,2.158173637529348,0.33536720754690225,2.361638172494617,0.062295746197964665,0.001149290151165276
1.6150861541777983,0.04981201496528856,2.167498276737796,0.3099519592017341,2.6580328215468687,0.07522338175955764,5.067964713359729e-4
1.5741246940041822,0.05017442971767843,2.298929231488914,0.35431208019790544,2.4625929118311776,0.08540614781032899,6.971700640785729e-5
1.5740581212261058,0.05181478775652917,2.242025521387818,0.35360232290403776,2.5374068855545984,0.09190877062817199,0.0032661280503617695
1.6052879031110452,0.04997910541592668,2.2664538607138076,0.2920449303902753,2.5117911229640377,0.04645743201665803,5.64261444357354e-4
1.5790277201586045,0.05215795380422499,2.2749443757306103,0.3807767180952328,2.356136447354965,0.09477664354842062,0.0013835201135427245
1.5903271049247836,0.05058171484440692,2.273074743455375,0.3541707266692384,2.425026839380647,0.12926904375785392,4.902525567027938e-4
1.6265128807597748,0.04928672719809096,2.0890579360048034,0.2824698961618118,2.385387130771716,0.0724025606915611,0.0016808446370674686
1.5630091865634903,0.05008677797881549,2.420807804341761,0.4465494762186017,2.949510373351729,0.07431316313903216,0.0019021042642710076
1.592525958887165,0.04944346966422636,2.2547410741627227,0.3666758557677912,2.2528981356199322,0.11482690491460829,9.645760347965483e-4
1.5788384882893889,0.04926785910628186,2.229848987198168,0.4064870755458396,2.6694658251180394,0.0911296165918829,0.0011954304354290233
1.554689498883154,0.05283959247560272,2.434288611460954,0.4010795448645184,2.3663952052457558,0.09382247967516641,7.685294824284219e-4
1.5723349624105147,0.04914974737834412,2.333716635013974,0.4070919859195025,2.8094984391434044,0.09016745725916164,0.005518180421389271
1.5597909019936371,0.05144946720961897,2.3824301128999825,0.3994073184254459,2.488031911242487,0.08422057906092457,0.00250251611702294
1.5641827891014777,0.05168162888932186,2.422428538392032,0.38781875548441574,2.5872545599563095,0.08965563421869809,0.002414625377583291
1.6099007212929188,0.04953359873420347,2.1420887811634164,0.29981756462013626,2.5425774110338644,0.07727123795848409,0.0037061244514352706
1.5902953701186544,0.04977963212285332,2.1619118692260177,0.3128785872241446,2.3112068323304538,0.07466049788507927,0.001717212702115652
1.5617011663680735,0.04910285020809432,2.361955741040103,0.4288930676922205,2.8317426602642986,0.1017400396958614,0.0048672977126677204
1.5637806087943644,0.04835869464511405,2.4096282946754957,0.4304898905996453,2.5958616014843234,0.07795088258868314,0.00211741984126919
1.5964081596239434,0.04936011024686904,2.2476780483644094,0.3838515062293489,2.788717772466191,0.0938913688570081,0.005305870970290555
1.5807954012413894,0.05129213017692747,2.2818862645111944,0.37020794664467127,2.4699220565291413,0.0820368511511054,0.0016719207024147684
1.5920544553361065,0.04949198834700627,2.2719585754216487,0.3817122223932172,2.4183491986200414,0.11849762293889476,1.1149193252038641e-4
1.5682678292536374,0.04856036388251049,2.333883458412186,0.4060674697982137,2.419638716481199,0.12388870719773065,0.0025236167034318876
1.571817366171532,0.0494678274534393,2.359738694003653,0.357470569289076,2.5378284152280624,0.08314881547312984,0.0011523061240110385
1.6181687500560653,0.0474216069568977,2.1395914563799363,0.3678083137751849,2.426567847919754,0.08193581427813426,0.0032409593728135355
1.566723922066248,0.04813078132135796,2.327115745538746,0.4637856133503054,2.3953142517536783,0.18648397719899484,2.184919670805216e-5
1.6449470770268202,0.04992219083831996,2.0711263463917415,0.224525102461993,2.353960495181291,0.06515184631107361,3.780126259976631e-4
1.5863401846624667,0.04880845416743253,2.280352476495335,0.41272786754708,2.3602504512261735,0.08755386095102889,0.0015397338860928737
1.5982979704290854,0.04925232285791414,2.2609934514123524,0.34282177003076125,2.466631607442405,0.0742433288544809,0.0032939481727632153
1.6015706514554424,0.04959082733946686,2.2549988744201936,0.32351763102519093,2.4151164231179685,0.07126863132749443,8.005249253046828e-4
1.5849708744682007,0.04961960029680658,2.3135506496780356,0.38137039312914095,2.77687959635015,0.07274507698174935,0.005337182224298795
1.5973833254886605,0.0512404920458695,2.257230644549617,0.3029328361560045,2.2989255516251315,0.08146284690202718,6.482248514095484e-5
1.582347599631392,0.04759144031522729,2.322594253505448,0.41275480590629776,2.4429359118343847,0.11856578557911403,0.0017400395235356869
1.610162203706685,0.05039788395464279,2.158173637529348,0.33536720754690225,2.4762686954528794,0.05226726992922694,0.0032581137179817977
1.601093042509344,0.04944870147153345,2.1983146863143515,0.3537664121869722,2.7248117546618635,0.08243121549829885,0.004795486113400694
1.562001076667475,0.05030601334514686,2.3810354291515714,0.40677362290307806,2.2647792258963126,0.139702356582134,6.798130056760444e-4
1.6088152037995596,0.04873214644442279,2.2139951990992923,0.34918728706481583,2.8179730391014157,0.0852403418261226,0.0010930525647056665
1.5665543766363366,0.04968239919730145,2.308001823494134,0.4433347120820709,2.7906674479007796,0.08624615340535233,8.944092453823494e-4
1.5873103031954054,0.04958731397727236,2.226331523799746,0.4095638370100197,2.47004859818082,0.1340875622345261,9.551393322482732e-4
1.5797368616281744,0.04973324908048626,2.1441081807749396,0.3657318624785669,2.7774411882627743,0.048889752895274925,0.0028775783905397177
1.564792241061646,0.05088468363109713,2.46655266751297,0.3845395899095525,2.6307243190351555,0.09975184470542346,0.003649899828423314
1.5920544553361065,0.04949198834700627,2.2719585754216487,0.3817122223932172,2.237435402526249,0.12813020293136287,1.641887854016804e-5
1.627605078559789,0.04731323934725789,2.2055645139223072,0.3524280095754243,2.6265423568576685,0.08545252858657165,0.003431479001193199
1.5503008066400374,0.05002721587482873,2.367570280100004,0.41443800316315854,2.5975768754709145,0.10589251746340846,0.002822728175263768
1.593877825390829,0.04976978383066042,2.2058022414380623,0.3216378496161411,2.615294219913762,0.08168215371939612,0.0022797326201175806
1.5795699964757155,0.05042816435566318,2.2263253696361223,0.3987800546869302,2.8853097804745205,0.05800071757784885,0.0027561343225253688
1.6139594417392795,0.05020657008055304,2.1923746429080673,0.318323957031477,2.2443418575402547,0.0935446820931429,8.302446431822428e-4
1.590289593569704,0.05119416478500385,2.239163509091854,0.33075848061264695,2.4572825170948542,0.07488726687841053,6.742265763462949e-4
1.601093042509344,0.04944870147153345,2.1983146863143515,0.3537664121869722,2.483930388793504,0.07362587911617158,9.262975091552731e-4
1.5893489623928778,0.04949668739722222,2.279416588011729,0.3875805889884598,2.3716357418430065,0.08326146753308893,0.0020773866301455743
1.573147713954042,0.05245302478266923,2.345311683866256,0.3813535418086068,2.598018096550866,0.09859039763355011,7.893704986851037e-4
1.5678418777440963,0.05080418944939593,2.4753356717923927,0.3824527424740444,2.304161781295626,0.15443194634678717,1.4862023274873876e-4
1.5964081596239434,0.04936011024686904,2.2476780483644094,0.3838515062293489,2.5865538438660005,0.11283067847374524,3.3930746800142224e-4
1.565734621325956,0.04853535189174414,2.3907805385529466,0.415031511568609,2.50215501757195,0.07733634012506774,0.002497394472722231
1.5717629431695126,0.049813193143618,2.280526652864989,0.39733577682310833,2.5973037963270658,0.0889260212700923,0.0024379311497725927
1.5699565684236807,0.05067916566605968,2.412017138917418,0.38403892026286257,2.2857369887569807,0.10616239105061218,9.99119064702587e-4
1.5910388269056703,0.04899930023559516,2.236899457759907,0.3370225353720921,2.3697673994543162,0.07434282065732856,0.002152296295157526
1.6084191933148009,0.05097907699392499,2.138920024934587,0.298019183728326,2.4764486046214502,0.05756840340842544,0.002201775353987894
1.5796229978807577,0.0496610013269153,2.2591641523697072,0.4090290344756311,2.6453347974208423,0.10696847824480088,0.002566429579337602
1.5883723026592993,0.05002501436792207,2.3678624594150963,0.3485284934330228,2.748163838916799,0.06470379673681106,0.001760316183387816
1.5959531905222648,0.04970803362796901,2.2265546955972844,0.36012570714294273,2.1703091861598334,0.13888430989879263,1.2093990695092928e-4
1.5699565684236807,0.05067916566605968,2.412017138917418,0.38403892026286257,2.565374040637098,0.10912255679036612,6.983770431855933e-4
1.598728758272423,0.04923266847485781,2.197880930389776,0.35913179835137143,2.272644271913269,0.09909955226142285,0.0020362242735941496
1.5958386774200173,0.04933112572616626,2.179333820701606,0.3628304003430734,2.284409844585538,0.09150952815165132,6.496895721339179e-4
1.5875711040943528,0.04877444782944493,2.3564005274305724,0.39360452204542823,2.4902099208432875,0.14969243501996654,1.3501361011651313e-4
1.580940841293717,0.04992421311486544,2.312321357904415,0.3613207271449197,2.7734232592687533,0.07683142018933836,0.0019016172928089374
1.5863401846624667,0.04880845416743253,2.280352476495335,0.41272786754708,2.3301816000307047,0.11904817325977539,0.0010419448095905777
1.5699243791511386,0.05121502610776907,2.3245818663996833,0.36901051940320234,2.4782220794984955,0.07450017022297085,0.0030330400640484387
1.5856644721598077,0.0483779718925522,2.1885414498208524,0.3411513502696517,2.5682300760308205,0.07638119817307534,0.002041929532603384
1.5660646374158635,0.05076495274967312,2.2171578032485124,0.3806722352998924,2.4332408811038686,0.10892089089516013,7.99048541771732e-4
1.577700210334538,0.04916848823210879,2.356465239334941,0.4032695100768285,2.4029234757271176,0.11053942576324478,3.538951639755511e-4
1.589657406664055,0.04916338787377455,2.332201344112536,0.3544731248291742,2.485420134463552,0.06882675395381418,0.0015183901347100561
1.5873103031954054,0.04958731397727236,2.226331523799746,0.4095638370100197,2.3230576132919567,0.07736780201375966,5.858141613275499e-4
1.5884589875059876,0.05125026741606976,2.216990780040039,0.34565366374258133,2.243658131713101,0.1011292228552362,0.0010777531683034745
1.5503008066400374,0.05002721587482873,2.367570280100004,0.41443800316315854,2.773168789238036,0.10182800116206528,0.0022113596766607617
1.5780768120224675,0.05046536024603251,2.2010407597158106,0.3788739808695585,2.4039043054790623,0.06144229539416423,0.0018506775189949692
1.5625692765496582,0.05163551649420224,2.374982596275993,0.39375639990004535,2.5330597050680668,0.092845358137229,8.876928029496467e-4
1.595812927533671,0.05167050906367862,2.206466078861,0.286405857096066,2.30929090492974,0.07298708378154933,1.2937975497971007e-4
1.565734621325956,0.04853535189174414,2.3907805385529466,0.415031511568609,2.9008515880190027,0.09522685398128122,0.0032139012169464464
1.5630091865634903,0.05008677797881549,2.420807804341761,0.4465494762186017,2.683195287295854,0.10942911689006955,0.00160683203632244
1.5699243791511386,0.05121502610776907,2.3245818663996833,0.36901051940320234,2.6652663605695825,0.07318907369730317,0.003910446035392067
1.5483175727221954,0.05056834139008655,2.4884679977099746,0.4107190113572525,2.672489643331764,0.10459795441485074,0.003552888305576235
1.5809388213932656,0.04961979967976174,2.3519335087430457,0.35838338078383825,2.430570408751918,0.09558443303793501,0.0025087205985207567
1.5518726014773312,0.05177957516206363,2.361157535811845,0.40541433738435506,2.9071597190629936,0.09600229212945921,0.0013575893657079916
1.5556783085717516,0.05233284956505388,2.5062643890751057,0.4020801918336585,2.531949889828623,0.10554461728207132,0.0028994492883400672
1.5695904862366057,0.0492636590511462,2.299280085173487,0.3841632815189759,2.7730925764669974,0.04279622284471027,0.0013416399192009679
1.5983144890529966,0.04936814813050776,2.1958667866316213,0.3738968447585443,2.6034135376342773,0.08435684250643445,0.004353458199611855
1.5816851648571155,0.04903337174417808,2.271666348032599,0.4126762220243451,2.4956152056661813,0.11417099132856824,0.0013141648453735355
1.601093042509344,0.04944870147153345,2.1983146863143515,0.3537664121869722,2.428883352078539,0.11305338885281588,0.002152714969932948
1.5926768101050843,0.04946822309510908,2.294004159530667,0.3690916679598632,2.7972537651378766,0.10850301328780435,8.406478221887856e-4
1.5771563337843504,0.0498585786402552,2.295904852808543,0.41418306812686834,2.629036824688514,0.09884641277044308,0.004769119674352967
1.6081186701539791,0.04801934501251846,2.1725839378066847,0.3236872568841422,2.441762221026611,0.10016028950246922,7.659989683543245e-4
1.5540191062405058,0.04920366692762527,2.1322587301162583,0.4287037854994103,2.401160392867146,0.08117582107305023,0.00059844067186899305
1.596155596439648,0.05082752861491545,2.150560448580625,0.33608601639543473,2.4038560685008505,0.08459568609074523,9.72389309328643e-4
1.5920544553361065,0.04949198834700627,2.2719585754216487,0.3817122223932172,2.367293738611241,0.06053476624611768,3.021146436796396e-4
1.5816851648571155,0.04903337174417808,2.271666348032599,0.4126762220243451,2.4094829361941876,0.06853014529146732,0.0016383644133913214
1.5518726014773312,0.05177957516206363,2.361157535811845,0.40541433738435506,2.5139179010867596,0.11191287137911356,0.0023154643694651726
1.5849426483888576,0.04809727822254527,2.314008886749975,0.4007222947082716,2.2396030208144158,0.1327728145667302,4.7208214032922786e-4
1.5893489623928778,0.04949668739722222,2.279416588011729,0.3875805889884598,2.661944804452924,0.06765680280972619,0.003584164020417859
1.5796229978807577,0.0496610013269153,2.2591641523697072,0.4090290344756311,2.6108491952997896,0.10638772584941839,0.002224150766924563
1.5766711586763722,0.04929890500165696,2.343254236230254,0.3879384660614435,2.2872503924613787,0.11703621288128647,0.001023165773227837
1.5518726014773312,0.05177957516206363,2.361157535811845,0.40541433738435506,2.4826321623393888,0.1213234262506571,0.003296834660601953
1.5652158990406375,0.0517205571065194,2.3980548515004427,0.3754734687194264,2.44161862607327,0.12876810153841933,0.0018423087003233284
1.6009875328455518,0.04995430826699825,2.251816673602272,0.33159757439480864,2.9841157923579207,0.04403659460069085,9.377499768027779e-4
1.587391241995679,0.05054463577743301,2.2232984108751204,0.31860153457880497,2.387030840536631,0.06851640982172244,0.0022513570795396217
1.5902953701186544,0.04977963212285332,2.1619118692260177,0.3128785872241446,2.4875845258740164,0.059791678696118004,7.639582481659773e-4
1.5796229978807577,0.0496610013269153,2.2591641523697072,0.4090290344756311,2.499093970162077,0.1449920492824992,2.3198142153860968e-4
1.5528940066075152,0.05079381030949277,2.4035433267367496,0.44037175772805215,2.5764271637972724,0.11122447316070139,0.0018404618422742328
1.5853227922342032,0.05058337787478313,2.3104508331930624,0.33049490935693576,2.643543943256552,0.07623703018248486,0.0044333641270194865
1.5699565684236807,0.05067916566605968,2.412017138917418,0.38403892026286257,2.6988892419523354,0.06701150177146241,9.691700989658072e-4
1.564217647612932,0.04828801036993283,2.2731722120314206,0.43191665370656446,2.428312848149152,0.15916750682854258,2.601335696526723e-4
1.6260335770268266,0.04968613409156575,2.203671199394995,0.30440919539823413,2.3886829043161826,0.10313777982847297,0.002112778368725722
1.5797368616281744,0.04973324908048626,2.1441081807749396,0.3657318624785669,2.7330513694960037,0.07726893175588313,0.0019523553875600602
1.5714515201115768,0.05046147851328111,2.378868574985687,0.4344666322717185,2.683950886814095,0.1236543479566617,0.0027765650069511223
1.624660449905013,0.04819772616069338,2.0511368974108786,0.30899898161382644,2.5612282615529205,0.07317695697462284,0.0024994368568046297
1.5717629431695126,0.049813193143618,2.280526652864989,0.39733577682310833,2.559379021135587,0.10488631616751437,0.0011561450572075396
1.5920544553361065,0.04949198834700627,2.2719585754216487,0.3817122223932172,2.7346377393145986,0.09740007836720406,8.134582262843862e-5
1.5920544553361065,0.04949198834700627,2.2719585754216487,0.3817122223932172,2.328149155018705,0.14031295182485337,0.002161796582391649
1.5774992791120457,0.04851195770767486,2.291540222088377,0.3938927000597181,2.2494952052409967,0.1353491973831318,2.930681644624381e-6
1.5665543766363366,0.04968239919730145,2.308001823494134,0.4433347120820709,2.502117999243812,0.101725822138118,0.004263480885141871
1.5792631693286416,0.05150540928744007,2.3165383662215393,0.3650315921989277,2.6903821832508954,0.07605576910162265,0.003278074461565253
1.540642180021013,0.05004718460593507,2.4742819111328527,0.4459507330220108,2.410240600478662,0.10464297373171062,5.888865165128356e-4
1.554689498883154,0.05283959247560272,2.434288611460954,0.4010795448645184,2.7613190077786336,0.06695783688515172,0.00154626306253101
1.5924923334313104,0.05044189584950675,2.3635546712980005,0.3642135657079949,2.397133159387678,0.09236005730007278,2.6537926887783053e-4
1.5991138523764126,0.04865595668739092,2.246115649193226,0.3625667313857202,2.4915415962272167,0.0578150104655234,0.002688198750360071
1.5641827891014777,0.05168162888932186,2.422428538392032,0.38781875548441574,2.647867708027516,0.10373033378100711,0.002347171010923612
1.5699565684236807,0.05067916566605968,2.412017138917418,0.38403892026286257,2.281244115720812,0.13442636109026534,7.753850537869027e-4
1.5617011663680735,0.04910285020809432,2.361955741040103,0.4288930676922205,2.536715450059829,0.10830626826826621,6.363855717295964e-4
1.5935067214420364,0.04942992187810336,2.299111392214598,0.3708468535114916,2.431955934150626,0.11534445353570154,0.0019975778410416985
1.5714515201115768,0.05046147851328111,2.378868574985687,0.4344666322717185,2.919064246237446,0.09778496577695274,0.004597861527143526
1.577751857773593,0.05122975829460233,2.3723563299358843,0.34750449891521584,2.7585000028647673,0.04321046699220876,1.1070459097042436e-4
1.5528940066075152,0.05079381030949277,2.4035433267367496,0.44037175772805215,2.9342697539564537,0.0821414422119703,0.0061537685561668205
1.6307628116976538,0.04946137334051807,2.030620103548352,0.2639763501549594,2.1382340860915754,0.10626136129251879,7.480171121326708e-4
1.6070631488063791,0.04962847918116588,2.2039582335075503,0.3138564021255192,2.155163249661572,0.11200115436158532,3.163268768076469e-5
1.587595777911077,0.04984496657861274,2.36965024566356,0.3730185531189957,2.4185030354126735,0.09609648762900863,0.002240249455824847
1.5699565684236807,0.05067916566605968,2.412017138917418,0.38403892026286257,2.6832818898934985,0.09804705635257305,4.901634256998576e-4
1.6182021040090455,0.04944990619005932,2.12659379270494,0.3503622993236008,2.140785872792166,0.10521942496866038,7.279665098410786e-4
1.5790277201586045,0.05215795380422499,2.2749443757306103,0.3807767180952328,2.4715214847482336,0.07636898093564923,0.002718691337050669
1.5910550259216922,0.04932894120866989,2.227702610639353,0.3684232755695605,2.3478106133839183,0.09059670854085632,0.002134980108946029
1.5751387480493533,0.04877347172665071,2.3228181015242986,0.3640803493230704,2.748245790221024,0.09747432674761726,2.4588423703007426e-4
1.5590601856504025,0.05103062942384286,2.326594127147772,0.4189635449163125,2.351542141303559,0.13717436270038888,0.0011106017280314018
1.5970193063942373,0.05090777338182874,2.23210863250691,0.37172151404497167,2.476196174610052,0.09028738563304194,0.0034427102358337556
1.580680118805125,0.04991440523796635,2.2769797987253604,0.3388643135880786,2.557600307017596,0.08201637206981016,0.0023189068616021468
1.565734621325956,0.04853535189174414,2.3907805385529466,0.415031511568609,2.5517091912804335,0.07433018781326405,0.0014589486859348094
1.598424185314614,0.04963768043200398,2.3472136169956164,0.36027263473030924,2.41159239004618,0.05776686287300159,1.3527675609934563e-4
1.5679938136121452,0.05057424842805636,2.358786197582331,0.3964658741078731,2.620666257461476,0.09573638914260106,0.0012765458175228522
1.5652158990406375,0.0517205571065194,2.3980548515004427,0.3754734687194264,2.538977273995791,0.07097498203361735,0.0023661188547169972
1.554369311128609,0.04793042306487111,2.36712907477946,0.4585475307040435,2.953045736333523,0.09529978372261406,7.8269947249882e-4
1.6099553256120762,0.04857537086838432,2.22548028736485,0.3395043784121243,2.473198030745984,0.11087301216694305,5.833333246987408e-4
1.5621412184301076,0.05003359114036313,2.263452434665377,0.3943867658029264,2.3134913468544873,0.10966558824153703,5.137976927919899e-4
1.5625692765496582,0.05163551649420224,2.374982596275993,0.39375639990004535,2.4996280677369955,0.07230154980550478,0.003463698582852155
1.5617011663680735,0.04910285020809432,2.361955741040103,0.4288930676922205,2.6497506626627825,0.07076191992064394,1.199372789843484e-4
1.5828966593022218,0.04965660408252891,2.3364073531015763,0.3764392331642191,2.769451254860327,0.09624717054439533,0.0022486354278449315
1.6110063630954663,0.05081885538709983,2.1249926404473753,0.24803513655584,2.3889883078247607,0.04791493165645045,0.0016613864256230808
1.5790277201586045,0.05215795380422499,2.2749443757306103,0.3807767180952328,2.6488121131096234,0.09453920988996069,0.0025627239567505337
1.5695904862366057,0.0492636590511462,2.299280085173487,0.3841632815189759,2.220409582461815,0.11902862960373384,8.431018905571772e-4
1.5691213584214108,0.0496922354892108,2.3584239443648913,0.4262713509440873,2.5524844716640867,0.07109086452857123,3.4424031796214543e-4
1.6081603648831848,0.04984161844783861,2.1979994827995726,0.29715412376895983,2.463315660349837,0.06379722982249274,7.081503872798266e-4
1.60801428189942,0.05133368948753397,2.139759756304041,0.3066304009775727,2.2743507654056203,0.09871153962100009,0.0017983583681972155
1.5774992791120457,0.04851195770767486,2.291540222088377,0.3938927000597181,2.8161145953943594,0.10018839769149991,0.002637788254682115
1.5926768101050843,0.04946822309510908,2.294004159530667,0.3690916679598632,2.628045960405918,0.08336741237230241,0.0023578712678154067
1.5540191062405058,0.04920366692762527,2.1322587301162583,0.4287037854994103,2.3318452132079854,0.10228066761930486,9.46459295303902e-4
1.5920111716268617,0.05143602202953643,2.363853345294132,0.32821596814437365,2.4723028126974187,0.056010787482636784,5.79626949471393e-4
1.5893147263533105,0.04932730526381834,2.218077802992944,0.3671676858655785,2.357377621571692,0.11315359172476507,7.439471566451076e-4
1.566723922066248,0.04813078132135796,2.327115745538746,0.4637856133503054,2.5134330828807183,0.1444901822520556,0.0018587710462663876
1.5807954012413894,0.05129213017692747,2.2818862645111944,0.37020794664467127,2.557317375372209,0.09535245922874672,8.45728231877671e-4
1.6169119128499168,0.04930413907967655,2.2446723790645233,0.2985035989818579,2.4175400948605725,0.08438255384529933,1.7591057233786806e-4
1.5652158990406375,0.0517205571065194,2.3980548515004427,0.3754734687194264,2.5540101030165423,0.0821522231807504,0.0039499492525715395
1.5802657199434482,0.04964542772099924,2.353023094367641,0.36490525909258426,2.809898157656088,0.07570223051261772,0.0010327650177427198
1.6040999270932452,0.04947483249326847,2.184346215927788,0.3021549998824335,2.3498919186765748,0.09959208730151874,9.615950317559695e-4
1.6042575425753864,0.0498086388859321,2.1871033197762206,0.3226724407415361,2.4611663387504663,0.07236788421473417,0.0019072869038616528
1.5709366560850389,0.05114874267264356,2.3172170393844267,0.37027514793557464,2.6007957331624194,0.07458072580307736,0.001826641767294927
1.6311849602824784,0.04851959059530834,2.099348650336722,0.306182250402362,2.560431041916481,0.052231032591468975,0.0018590696239788105
1.6004240016720808,0.04727107980553199,2.2450310112986953,0.3999510573070443,2.654503839096698,0.11077178101921131,1.8046070702894474e-4
1.5796229978807577,0.0496610013269153,2.2591641523697072,0.4090290344756311,2.653169868144371,0.07352993535335996,0.0030661241435676018
1.5863401846624667,0.04880845416743253,2.280352476495335,0.41272786754708,2.2840876779777797,0.11388658185162506,9.085023373634523e-4
1.626876614253263,0.04753453544720808,2.149028557071648,0.3073528834435615,2.440921194954812,0.08782648621508105,7.471710092447295e-4
1.5860340345849988,0.05116651653660405,2.166976306872479,0.3384038807494254,2.2321783947639964,0.08888161024840176,9.862175132968357e-5
1.6070631488063791,0.04962847918116588,2.2039582335075503,0.3138564021255192,2.3010040166521715,0.08638483186424574,0.0013445100413816773
1.6122566927590776,0.05064900901265442,2.256423522697006,0.3406615277732085,2.628527074635135,0.10030114252451508,9.144243178497837e-4
1.6065984697442035,0.05034070281787182,2.156035274735303,0.34910610196234104,2.4082581344793885,0.10024506553203939,9.558935311167224e-4
1.565734621325956,0.04853535189174414,2.3907805385529466,0.415031511568609,2.597442603204338,0.08200624400548528,0.0027375549137194947
1.5787089045991007,0.04816026959706712,2.2703477275422284,0.3966568917375812,2.3349370864545187,0.1547166355001186,0.0013204746289749564
1.562003304665766,0.04967360580681607,2.4252110008445777,0.4226679101995836,2.696243100897751,0.1309221097788951,0.0022149423869954575
1.5771563337843504,0.0498585786402552,2.295904852808543,0.41418306812686834,2.848478898096817,0.08206292693347213,0.0012969175552914147
1.5863401846624667,0.04880845416743253,2.280352476495335,0.41272786754708,2.810868352692313,0.10413341584557541,2.3859717156560448e-4
1.564792241061646,0.05088468363109713,2.46655266751297,0.3845395899095525,2.7189775484964605,0.10024849325074793,5.813807628207874e-4
1.585258176345744,0.05034985700480244,2.3738443181411415,0.3232652732008763,2.697939704660707,0.04177014759382857,0.0011149685008256286
1.5729554769647007,0.04986894568788797,2.3343723510348138,0.43829404216725526,2.707248962399243,0.13367065226895217,2.6390647230957806e-4
1.5503008066400374,0.05002721587482873,2.367570280100004,0.41443800316315854,2.6234163437633695,0.1058405566782513,0.0029737335745299073
1.6009875328455518,0.04995430826699825,2.251816673602272,0.33159757439480864,2.6479303851558624,0.09094903379677144,0.0032183338586095366
1.5962645609885202,0.04855039233911123,2.1589018722823914,0.36762170277908074,2.188700006236275,0.08981459150044815,5.747870511513625e-4
1.561407114260141,0.04921724093168669,2.3625246633545873,0.4246347655795807,2.700603645618786,0.1093003416244326,0.002398393061362714
1.5754096320425788,0.04989065753304285,2.328532264396604,0.4209185192152939,2.4843300872948686,0.10668683084553852,0.00295279964293031
1.627243680319433,0.04920193095585201,2.2229068274406676,0.2817459177731958,2.5904027757329007,0.06385428926532254,0.004068731375341954
1.571330345982529,0.05032681241765512,2.3859359937763167,0.3809569089723525,2.6147334694630295,0.07756557362081994,0.004342808564869645
1.6139594417392795,0.05020657008055304,2.1923746429080673,0.318323957031477,2.6663684098134848,0.06839282707784029,8.979715171221252e-4
1.596686658519773,0.04960292505825146,2.361956626320527,0.3792069639542367,2.4188936995632977,0.13931944585180878,0.001712495277530455
1.5679938136121452,0.05057424842805636,2.358786197582331,0.3964658741078731,2.2869474236104494,0.15680981444381215,8.174969852397083e-4
1.615985224433546,0.04981239780708791,2.167632067752397,0.30867006202389397,2.4570774455680384,0.07733665559066531,0.0013898154928478534
1.5796229978807577,0.0496610013269153,2.2591641523697072,0.4090290344756311,2.516555028974374,0.08938901558484842,0.00450923169568315
1.5568996660442271,0.05218551589299213,2.417668684372022,0.3751318789206656,2.5804634460463283,0.08137633134826498,0.0026980928156629873
1.5893147263533105,0.04932730526381834,2.218077802992944,0.3671676858655785,2.1693538414816675,0.13859572338083714,5.425226005235894e-4
1.5762967963061876,0.04994588549050543,2.2479608106300875,0.35592741366646946,2.501315270427619,0.09416891329666904,8.600118492332566e-4
1.5759140498034536,0.04867460886731067,2.2778242678070595,0.4208781084731385,2.589550066510503,0.15237792689517374,0.0011346433530141705
1.5736583122170906,0.04957224335157489,2.1165828908146804,0.3632797883488037,2.490868069138303,0.0728020114586506,0.0020306868183103278
1.571633728080245,0.05007338125097228,2.1629335721555747,0.3980460595257505,2.5945156381680214,0.06486144656143542,7.387557282757158e-4
1.5906583341779912,0.0505985971583592,2.2652493470371446,0.3424820304236154,2.5328561107749117,0.06688301406289732,2.9342244856761756e-4
1.6311849602824784,0.04851959059530834,2.099348650336722,0.306182250402362,2.5965378020601433,0.06539609896331677,0.004844520524481889
1.5802657199434482,0.04964542772099924,2.353023094367641,0.36490525909258426,2.678854285177327,0.07934246068362001,0.005176310942423688
1.595484234075272,0.04866380194677502,2.223478759100826,0.3886453934025589,2.3207921058433567,0.15571183569047634,2.824916737673678e-4
1.5830854771356089,0.04935537842720934,2.163988263887319,0.3320527627809081,2.607520664398527,0.04657104649196539,0.0031179436096118738
1.5652903507195972,0.04981499388194095,2.3078558763452404,0.4404566700287845,2.6096375281090465,0.0850936491696145,0.005017296483918231
1.561407114260141,0.04921724093168669,2.3625246633545873,0.4246347655795807,2.6507629263567116,0.09826525604410008,0.0019121160940416995
1.5352042297388582,0.05351369213782062,2.4267668117154604,0.4329796978033853,2.856087429911519,0.07707373509129237,0.0026221581092693573
1.5957260038908656,0.05026089015703162,2.2021807220501315,0.2992696351259889,2.2597769400999104,0.08539913274984771,1.9082853691511015e-4
1.5545262592340638,0.05027531537413893,2.4005348004691256,0.41515433486899805,2.29649802054659,0.08597820252745904,0.001205549670282686
1.5863401846624667,0.04880845416743253,2.280352476495335,0.41272786754708,2.443165403989562,0.09415000233198118,0.0016166443387514297
1.573147713954042,0.05245302478266923,2.345311683866256,0.3813535418086068,2.5560758500800485,0.08108405463924684,0.0022827645660310207
1.5830595476625349,0.04777527637035049,2.25147061489619,0.3826773422703018,2.698458386966129,0.0766111528383148,0.004115123301489188
1.6216413036993302,0.04956952280310931,2.0974141220471343,0.2758031452882498,2.4250180221267255,0.05145199106189047,0.002068845368212091
1.5619896042188317,0.0489513548706383,2.37512396493581,0.4471763678032262,2.6977449952398183,0.12545875718949792,9.584226526911836e-4
1.5962645609885202,0.04855039233911123,2.1589018722823914,0.36762170277908074,2.469738866036871,0.09116968716781591,8.510181244769723e-4
1.5695182354904993,0.05015490843588151,2.363848551758226,0.43808751336362595,2.5831919997321076,0.06277974368476526,0.0012658878948118625
1.554689498883154,0.05283959247560272,2.434288611460954,0.4010795448645184,2.2999307977354553,0.09950989088241716,2.2194041968637117e-4
1.605881531290836,0.050707239810313,2.2526166310322022,0.30525832721042667,2.588964160886597,0.07177992821699161,0.0035769663380207373
1.5992902162320275,0.04906092734883457,2.1759430422028174,0.3785894559927188,2.3073340505093975,0.09686920058201068,7.266929277663093e-4
1.580976305316843,0.05003548008991872,2.2981317151358396,0.3746672923023811,2.730831834592242,0.05142667275339146,0.0010384225412371482
1.562003304665766,0.04967360580681607,2.4252110008445777,0.4226679101995836,2.661682399142848,0.14708042928752962,0.002265923589459398
1.5893147263533105,0.04932730526381834,2.218077802992944,0.3671676858655785,2.4752366064756863,0.090723333182809,0.0012149096739970217
1.5816851648571155,0.04903337174417808,2.271666348032599,0.4126762220243451,2.6951501720926045,0.10893641637971826,0.0012793811931719429
1.5625692765496582,0.05163551649420224,2.374982596275993,0.39375639990004535,2.6665494844459507,0.08616232654446475,0.00542544932386036
1.5641827891014777,0.05168162888932186,2.422428538392032,0.38781875548441574,2.397244355083929,0.10317939693207018,0.0018953213725898788
1.595642487087546,0.04913581386152911,2.240229455406001,0.4111669860316411,2.712681083766767,0.08680669004898287,0.004791817236448073
1.5477831451727644,0.04966277821676031,2.4383349531248664,0.4365683683931724,2.492213146023614,0.16014908550288598,0.0013840979362227293
1.5836086077772016,0.05101605838914403,2.2095439202863254,0.39192147502047353,2.487081380109222,0.12396381980865909,0.00212356317561008
1.5559857444361938,0.04918256566900044,2.3783635957817277,0.401825873229279,2.7115789837019952,0.087155122105542715,0.0037474228119676453
1.573147713954042,0.05245302478266923,2.345311683866256,0.3813535418086068,2.317227265906672,0.12125798130914295,0.0013561766310046656
1.6353987304471722,0.04742953885002012,2.0235297179960336,0.2565782036087789,2.3385879526420412,0.0679168489438303,0.002061229961582822
1.5778695734846786,0.0499288656526764,2.3507029904059236,0.36099338639928513,2.789773542450607,0.07798060509297444,0.003741180010022492
1.5961435903479824,0.04806614097615846,2.117857942210414,0.34860125644455137,2.48169041270763,0.06978332632386038,0.0028506167147692436
1.585804150276825,0.05161672119517086,2.313778618207978,0.33826504508735633,2.5269106477583145,0.07468039327230568,0.002126988787772979
1.5924923334313104,0.05044189584950675,2.3635546712980005,0.3642135657079949,2.7266953771453895,0.10292499042806522,0.0012639060836774347
1.565734621325956,0.04853535189174414,2.3907805385529466,0.415031511568609,2.820634231764258,0.07494594859225145,0.0033338367540052677
1.5610371185711351,0.05232315059697962,2.3476986563063584,0.4035060675610138,2.56221897931763,0.11421036508957425,0.0012684466125741178
1.5964081596239434,0.04936011024686904,2.2476780483644094,0.3838515062293489,2.493200484607198,0.09544681200435107,0.002566214972572649
1.5788384882893889,0.04926785910628186,2.229848987198168,0.4064870755458396,2.701529706558477,0.10118567804279141,0.004929518053563739
1.5641827891014777,0.05168162888932186,2.422428538392032,0.38781875548441574,2.544458499215512,0.10485260943847634,6.624402940765913e-5
1.5713405789257535,0.05022683626349807,2.423717057976606,0.41501867571018736,2.417541341879985,0.14388139635973113,0.0014036054314369574
1.5625692765496582,0.05163551649420224,2.374982596275993,0.39375639990004535,2.6191557792834312,0.07229841313358114,0.001503128243424003
1.5926768101050843,0.04946822309510908,2.294004159530667,0.3690916679598632,2.677768144056379,0.08456230694280581,0.004321734180163988
1.5647235845768888,0.05007531247014701,2.34969967452669,0.4151750854422327,2.720265744912337,0.08045586019897896,0.0038565206037370343
1.577751857773593,0.05122975829460233,2.3723563299358843,0.34750449891521584,2.604082438637231,0.08979647850372517,3.193702829738145e-4
1.5623374594866852,0.04760117722889811,2.339265436527491,0.44362355493381495,2.337935346904503,0.15378198403434942,2.718890610110752e-4
1.566723922066248,0.04813078132135796,2.327115745538746,0.4637856133503054,2.560677121396544,0.09381828125607768,0.0033075987129835083
1.5352042297388582,0.05351369213782062,2.4267668117154604,0.4329796978033853,2.635403602998942,0.10824552477696062,0.0038111903922014028
1.561407114260141,0.04921724093168669,2.3625246633545873,0.4246347655795807,2.719949534266885,0.08558060778096113,0.003996330802291922
1.561407114260141,0.04921724093168669,2.3625246633545873,0.4246347655795807,2.9061079267338097,0.10698439150065128,0.002092141256360129
1.5559857444361938,0.04918256566900044,2.3783635957817277,0.401825873229279,2.6225742158647805,0.0884286071655056,5.689824046538301e-4
1.571330345982529,0.05032681241765512,2.3859359937763167,0.3809569089723525,2.6863105243957515,0.10317837161172931,0.0040037662683910956
1.5883723026592993,0.05002501436792207,2.3678624594150963,0.3485284934330228,2.7476838886082855,0.0583859197843741,0.0037945193139904392
1.5816851648571155,0.04903337174417808,2.271666348032599,0.4126762220243451,2.4325368072406013,0.15596827291233253,1.8041500524781118e-4
1.5859663847670022,0.05003938534940882,2.271451536490757,0.37136306434621685,2.3844166603682244,0.1133260958201865,2.859732019213278e-4
1.5869724427810783,0.04807446890346739,2.302359760125778,0.41201737223507273,2.8662002040331416,0.09046409042766794,0.0016877721488262095
1.5947250594865776,0.04926251425188815,2.237303224652041,0.3552644364699493,2.33240707417691,0.11230281346260652,0.0017086975729886066
1.5858216760206536,0.04900593106883887,2.1368615675714433,0.35263240584592215,2.437295853195764,0.07480062310839486,2.4714615438153187e-4
1.5802657199434482,0.04964542772099924,2.353023094367641,0.36490525909258426,2.6704209775415433,0.10047347808754908,9.662826709921154e-4
1.5883723026592993,0.05002501436792207,2.3678624594150963,0.3485284934330228,2.734689304735046,0.07845783549756286,3.648105052999761e-6
1.5807954012413894,0.05129213017692747,2.2818862645111944,0.37020794664467127,2.4098263367344344,0.08080760043862922,0.002034044122626219
1.5882789077375656,0.05049138573737928,2.216876718723237,0.362943998350826,2.76367816920285,0.09120324052096677,0.0033746334341603727
1.6033923138573392,0.04828634567088716,2.150456808430167,0.30638611165381735,2.2374019767758893,0.08178698566052393,0.001513262893875528
1.5956497924103354,0.04920858081054716,2.213205799730382,0.343361217335861,2.3527033154860084,0.10293525587159735,5.088911743651249e-4
1.5556783085717516,0.05233284956505388,2.5062643890751057,0.4020801918336585,2.6414831886446133,0.1005955278925129,0.002830192147639016
1.554369311128609,0.04793042306487111,2.36712907477946,0.4585475307040435,2.4625717811634726,0.11131623684720131,0.001764676365909363
1.5958776707217064,0.04963536087551554,2.245370475075512,0.3841862170468355,2.5370026589187593,0.07887281779987262,0.0013582772845816247
1.5903271049247836,0.05058171484440692,2.273074743455375,0.3541707266692384,2.3053169315903843,0.1389216598344042,2.47799843963588e-4
1.618857194428804,0.04812651903811543,2.1196899371865463,0.30541258204719507,2.5516483689007856,0.07816486798800071,4.4480611628568427e-4
1.5621412184301076,0.05003359114036313,2.263452434665377,0.3943867658029264,2.40781811708223,0.0934335762094378,0.0013482284402814193
1.560401692443103,0.05084771275821144,2.4300881712945395,0.3635537319018416,2.4739899894799,0.11436767116721455,2.03101772263015e-5
1.5630091865634903,0.05008677797881549,2.420807804341761,0.4465494762186017,2.506974416702742,0.0939701719813147,3.4125299914378936e-4
1.6100792697558255,0.04846790567043088,2.1221641418249564,0.32002783503901716,2.243167368872927,0.06923544628570698,1.024337522254823e-5
1.567181378531149,0.04908883831601566,2.3059729550168533,0.41392232819238145,2.3829890197057444,0.12716645798476814,2.9200552279118347e-4
1.5741246940041822,0.05017442971767843,2.298929231488914,0.35431208019790544,2.456199102089139,0.1059716186853967,7.508541081153036e-4
1.584842033327167,0.04991274751473613,2.318597223041916,0.4003748272989017,2.3647542402209107,0.13447295676281704,0.001656308541361416
1.5668332296086644,0.04926808489202058,2.339248814925281,0.40649409338783365,2.458027892722523,0.09540295240609063,0.001602570158793316
1.566723922066248,0.04813078132135796,2.327115745538746,0.4637856133503054,2.530909414380022,0.12465365013743733,5.753685381743405e-4
1.5625692765496582,0.05163551649420224,2.374982596275993,0.39375639990004535,2.521745710195535,0.11334569038014344,0.0017253942999634125
1.5619896042188317,0.0489513548706383,2.37512396493581,0.4471763678032262,2.3600282523439584,0.1289926240545098,0.0017861531241377035
1.577066060601808,0.04890786850681673,2.2836969198131243,0.4078466758726197,2.577874395864998,0.1079404252710624,0.001882376872657873
1.5947250594865776,0.04926251425188815,2.237303224652041,0.3552644364699493,2.6886752005156165,0.08258160009325732,0.0032112333607049377
1.584331223220139,0.05055245721908549,2.323626816464798,0.4214396195515273,2.653841369088851,0.10559675147335583,9.92284122470358e-4
1.6181687500560653,0.0474216069568977,2.1395914563799363,0.3678083137751849,2.365846037217606,0.10812699738559124,6.474107358805887e-4
1.6099553256120762,0.04857537086838432,2.22548028736485,0.3395043784121243,2.260750785465659,0.14459905882154425,7.013865832912475e-4
1.5901194182220022,0.05032810007451702,2.2267089619921565,0.34550779871627185,2.4830385169164995,0.07017699241698004,3.889656024569288e-4
1.5864877143318217,0.05001828463280395,2.263982564125408,0.3356062158127924,2.5677347179425873,0.07404895514774126,1.932858411982541e-5
1.6063241463407494,0.05101374344585841,2.145637711312053,0.28249497465347806,2.3550735144506563,0.07599530637616728,8.099149041291795e-5
1.589657406664055,0.04916338787377455,2.332201344112536,0.3544731248291742,2.5921043091665688,0.09120340246070542,9.92116453745437e-5
1.565734621325956,0.04853535189174414,2.3907805385529466,0.415031511568609,2.663956703857657,0.09271444358322245,8.597293090066626e-4
1.5625692765496582,0.05163551649420224,2.374982596275993,0.39375639990004535,2.6804303990693112,0.1032471512267675,9.184380478503641e-4
1.5780768120224675,0.05046536024603251,2.2010407597158106,0.3788739808695585,2.2762245441854847,0.11173228040766711,0.0019154878359029957
1.5754096320425788,0.04989065753304285,2.328532264396604,0.4209185192152939,2.6345165043355516,0.11090388104513126,0.001975202176461401
1.571633728080245,0.05007338125097228,2.1629335721555747,0.3980460595257505,2.423953701316495,0.11508262339477715,1.1861986514632646e-4
1.6218861427217155,0.04868034280180016,2.107294071067412,0.30210783639561506,2.409418919037839,0.0636062134123762,0.0021302427509714474
1.5668332296086644,0.04926808489202058,2.339248814925281,0.40649409338783365,2.5477550070763924,0.09622173233396424,6.220643010236228e-4
1.5740581212261058,0.05181478775652917,2.242025521387818,0.35360232290403776,2.272443957137316,0.08241732049293046,6.103583014791096e-4
1.5352042297388582,0.05351369213782062,2.4267668117154604,0.4329796978033853,2.6177315677179744,0.08630455704587535,0.004277470821536032
1.5893489623928778,0.04949668739722222,2.279416588011729,0.3875805889884598,2.612644280974501,0.08881498520922577,0.004646102060974507
1.5477831451727644,0.04966277821676031,2.4383349531248664,0.4365683683931724,2.745798826908015,0.09896995499967103,0.0036999424243013054
1.5477831451727644,0.04966277821676031,2.4383349531248664,0.4365683683931724,2.539164908387923,0.12191665629581425,0.0023870767987321986
1.5757051361734729,0.050241241232353,2.268152713845876,0.40418366227011543,2.4036519861681405,0.0738665319485251,7.262089179301342e-4
1.6068363245163744,0.05115296666022407,2.224365451455501,0.2890094013615962,2.5057263025413508,0.08459151384132267,9.304399188398646e-4
1.5729554769647007,0.04986894568788797,2.3343723510348138,0.43829404216725526,2.7368126247808724,0.13461016677544158,7.136017795933223e-4
1.5869724427810783,0.04807446890346739,2.302359760125778,0.41201737223507273,2.7029672539753387,0.10574382515905004,0.0014828673127009115
1.6009875328455518,0.04995430826699825,2.251816673602272,0.33159757439480864,2.265264427057537,0.13141707844029463,4.1931469212160526e-4
1.550937601581145,0.04925569663764734,1.962990741241585,0.33446827720791805,2.2625039192723815,0.06501619234563041,7.40132819422562e-4
1.5723349624105147,0.04914974737834412,2.333716635013974,0.4070919859195025,2.4952776233304035,0.12996495548700684,0.0016624394411018045
1.5936898276367806,0.04958378262413962,2.2139311297002733,0.3524294883640415,2.5892227417340083,0.05719395777866905,0.001211928712380605
1.5946064562904103,0.0492625719596389,2.113006252903286,0.32350815612683076,2.3913086630781906,0.0740548578286413,0.002264322359427461
1.5960721921351977,0.04827776733168718,2.1490262730418324,0.3516384765597075,2.434508343919128,0.09714142693738265,4.4170771309812607e-4
1.5625871269997758,0.05190780015234306,2.3875562033746927,0.4181063655599032,2.67153809018589,0.06996163868305139,1.2967000928696916e-5
1.5868684640960633,0.04923939529591741,2.0183762460261425,0.33772069403136973,2.3254063032718735,0.07262787036492398,3.178957756909052e-4
1.5972148608072654,0.0491331000532219,2.241548046411066,0.3490799764634889,2.5771546389060997,0.08941140639888345,0.0024819267415454815
1.5795699964757155,0.05042816435566318,2.2263253696361223,0.3987800546869302,2.209178117276674,0.12086870441787045,0.0015766350406088941
1.5792734285942052,0.05024385999528995,2.2193625436996887,0.36504131259834177,2.420507708605285,0.11811868406667969,0.0010258285162758989
1.5788384882893889,0.04926785910628186,2.229848987198168,0.4064870755458396,2.5187379608484917,0.11597474954263667,0.0036144655363806876
1.5910550259216922,0.04932894120866989,2.227702610639353,0.3684232755695605,2.5108485897096062,0.10461427062165927,4.344360094975382e-4
1.5897565615031486,0.05153608691390402,2.280741783884858,0.3537235815517156,2.454358815207077,0.12280835483899363,4.05753550197143e-4
1.5634465173152294,0.05105703120304856,2.407210005944005,0.3779905802702904,2.4130543252526757,0.1289587474580383,8.29249639505609e-4
1.602702751809727,0.04795575940031675,2.10235872079273,0.34353101121751256,2.490569426647374,0.09057507838106901,0.0010548555535892083
1.564792241061646,0.05088468363109713,2.46655266751297,0.3845395899095525,2.45016476580137,0.10323073603431929,0.0015373058355670104
1.5660646374158635,0.05076495274967312,2.2171578032485124,0.3806722352998924,2.6823862215613703,0.07395692078187997,0.0043811203420490935
1.561407114260141,0.04921724093168669,2.3625246633545873,0.4246347655795807,2.618871067330957,0.11749909922779535,0.001057706899532714
1.5972148608072654,0.0491331000532219,2.241548046411066,0.3490799764634889,2.316908479550653,0.0630429108241824,8.766536016655394e-4
1.5860340345849988,0.05116651653660405,2.166976306872479,0.3384038807494254,2.3797400558602897,0.09569809885911827,0.0015624105680208192
1.5903271049247836,0.05058171484440692,2.273074743455375,0.3541707266692384,2.1673440641640873,0.13110622658109494,6.437159061084117e-4
1.6057694353272232,0.049946796661702,2.107768040170743,0.3249431557208982,2.582021907391237,0.06857330754712891,0.002509396141453761
1.6016103234454715,0.05003874641089016,2.202264920691934,0.3311659354354166,2.2960000108015133,0.15093757383983727,6.401838362789263e-4
1.5849426483888576,0.04809727822254527,2.314008886749975,0.4007222947082716,2.5297466717596895,0.13470742860146503,6.024877868277913e-5
1.5760101737368748,0.05062799860312773,2.357431933922499,0.388839496259984,2.61396795963097,0.101479094764558,0.0016003069330403441
1.611128487138343,0.04994807646088154,2.151257060049234,0.33024485478872323,2.6534615805505566,0.05372786920665896,0.004325299519265452
1.564217647612932,0.04828801036993283,2.2731722120314206,0.43191665370656446,2.4952756197379844,0.08167622053803236,0.0020210397013083045
1.6081186701539791,0.04801934501251846,2.1725839378066847,0.3236872568841422,2.3170480005301486,0.09154423357105969,9.382969005551785e-5
1.638040417789664,0.04925266907486264,2.094614284647889,0.22962911956128904,2.288526358224417,0.06065349593642459,4.024691973638054e-4
1.595309198291137,0.0488738198155714,2.3015159114005623,0.3362809015217203,2.408703800345446,0.0709673599441706,0.002421363532073311
1.5796229978807577,0.0496610013269153,2.2591641523697072,0.4090290344756311,2.7370905515383614,0.09997321532539173,6.276012226969541e-4
1.5652158990406375,0.0517205571065194,2.3980548515004427,0.3754734687194264,2.492522673088713,0.11638041927554495,0.0026023555947634284
1.5623374594866852,0.04760117722889811,2.339265436527491,0.44362355493381495,2.5836980632459756,0.09455027405561724,0.0016930710248213175
1.590289593569704,0.05119416478500385,2.239163509091854,0.33075848061264695,2.4276974359789056,0.07979745371832804,0.0010649084453518219
1.561407114260141,0.04921724093168669,2.3625246633545873,0.4246347655795807,2.799657259750191,0.10263076170599589,0.0017255827156101263
1.6212100685767854,0.04865844795789422,2.0889698857821344,0.3000302204628979,2.4522946698307178,0.08554749322345641,0.002456998285274381
1.5930785017995943,0.04955421806440972,2.136470428964209,0.36801227620716914,2.124185406684874,0.12241956849723666,2.367532570635347e-4
1.5868697527337694,0.04759987588494667,2.2719778535730013,0.4237700821777693,2.523111592441814,0.10158779755295329,0.0018247731470534322
1.5809526427543217,0.05115451278200923,2.263890646597369,0.34238330442473996,2.30829026896108,0.11084854701135925,8.795514553022136e-4
1.598754938451031,0.05158205771679756,2.299758707279017,0.3419631266296692,2.4516405062331437,0.13784620131082284,0.001181018840825129
1.5477831451727644,0.04966277821676031,2.4383349531248664,0.4365683683931724,2.690063170023519,0.11881876643676853,1.7574780030401565e-4
1.577066060601808,0.04890786850681673,2.2836969198131243,0.4078466758726197,2.3051762419023802,0.1749370896539535,2.9474946573814897e-4
1.6233293409031355,0.05045510772877847,2.0932297767835437,0.29476163647376785,2.1571275425653833,0.12417106142301843,0.0010528736159752502
1.6028461757787154,0.05091427750574919,2.187128499642217,0.3466549120486256,2.2653685526879626,0.10887947106674832,0.0013872353050355763
1.571633728080245,0.05007338125097228,2.1629335721555747,0.3980460595257505,2.817839412612339,0.07363620146054489,0.0032652239526602712
1.5859663847670022,0.05003938534940882,2.271451536490757,0.37136306434621685,2.418382219468617,0.06368565720835564,0.0012743507497335422
1.637042232739428,0.04707751490364425,2.1521722956749696,0.26808898074565096,2.3603204454543354,0.08483426318278423,9.24923852297174e-4
1.60071706684835,0.04855508474696659,2.2268079558390426,0.37618443120132167,2.6422569822869737,0.06572009270125667,1.39525429649309e-4
1.6049358266159708,0.04798389041922962,2.195099256666514,0.3838150483092548,2.488877394885895,0.06671080641752423,0.003153321644616498
1.5610371185711351,0.05232315059697962,2.3476986563063584,0.4035060675610138,2.555577362572512,0.07228376834960588,0.004439505585603683
1.573147713954042,0.05245302478266923,2.345311683866256,0.3813535418086068,2.5085263917300917,0.09343338905952477,0.0021528484957451088
1.575351137756946,0.04832205909749046,2.249128473475328,0.39543112054040847,2.604886629460997,0.09622937991291937,0.001525686495496184
1.5352042297388582,0.05351369213782062,2.4267668117154604,0.4329796978033853,2.7753732263328406,0.08250836603957935,0.003329586090233454
1.598728758272423,0.04923266847485781,2.197880930389776,0.35913179835137143,2.327719180594426,0.11103834749351388,0.0022046232231771484
1.5864877143318217,0.05001828463280395,2.263982564125408,0.3356062158127924,2.5310069642529736,0.08001424953961239,0.0011806432513726778
1.580940841293717,0.04992421311486544,2.312321357904415,0.3613207271449197,2.5064342132817905,0.08957579746409088,0.0028646408826447606
1.5962645609885202,0.04855039233911123,2.1589018722823914,0.36762170277908074,2.1928586463327515,0.09356273414354255,0.0015411227670335918
1.5679938136121452,0.05057424842805636,2.358786197582331,0.3964658741078731,2.8345368408824547,0.08043562770811037,5.680169252126944e-4
1.5796229978807577,0.0496610013269153,2.2591641523697072,0.4090290344756311,2.4455764958356547,0.09802147975420772,9.076999435707777e-4
1.5933147842644315,0.04898060868000156,2.316684152441077,0.3392083006692066,2.6312514741266284,0.07027773491143179,3.5572023603418006e-4
1.5809526427543217,0.05115451278200923,2.263890646597369,0.34238330442473996,2.2641431739069398,0.12217122114916809,6.938760962982067e-5
1.587391241995679,0.05054463577743301,2.2232984108751204,0.31860153457880497,2.343916937138524,0.07082542433204873,1.3880684369045701e-4
1.6049358266159708,0.04798389041922962,2.195099256666514,0.3838150483092548,2.3258149905250383,0.08659156187293134,3.8547057958252223e-4
1.5699146974823148,0.0509077233914454,2.2723177563823547,0.3768617750918136,2.415977742822231,0.050397089398947215,0.0014261318491275723
1.627054519665031,0.04952997513886978,2.1076862757725348,0.29389074231340845,2.3088704958736432,0.10647576048651845,0.0023203583487461333
1.5836344768540822,0.04705390880844135,2.254804956715153,0.3717231671079907,2.5809553000066874,0.06263679878013703,0.0018605591429305547
1.5695904862366057,0.0492636590511462,2.299280085173487,0.3841632815189759,2.4760875207923623,0.08224990813047274,7.60853288634964e-4
1.5958386774200173,0.04933112572616626,2.179333820701606,0.3628304003430734,2.905862022853376,0.035124395920441226,0.0010709048242742636
1.5477831451727644,0.04966277821676031,2.4383349531248664,0.4365683683931724,2.6278939899703677,0.11713394484246613,0.004634622151929474
1.5958776707217064,0.04963536087551554,2.245370475075512,0.3841862170468355,2.409310395669381,0.16515879368277164,6.8560569521054e-4
1.590289593569704,0.05119416478500385,2.239163509091854,0.33075848061264695,2.6535954497605605,0.06735185033355903,0.003994210594874149
1.577210456497306,0.04792743761487263,2.361094977429556,0.39011332627603623,2.6472877183468686,0.10755291678443495,0.0011059095984859004
1.585302854083551,0.05144448324565393,2.293297399035461,0.365386426662735,2.556802573713644,0.08091259123706757,0.0014366461001311184
1.554689498883154,0.05283959247560272,2.434288611460954,0.4010795448645184,2.681895749394174,0.12810075360652823,6.664693354707516e-4
1.5602803314091993,0.05142059215207899,2.2965020399711316,0.4200474014759674,2.7033427170698645,0.09423074394388849,0.00274985480493367
1.6033923138573392,0.04828634567088716,2.150456808430167,0.30638611165381735,2.5839913006736124,0.05880784928440675,0.0033266552624854327
1.6562824984088071,0.04887621778027141,2.016442403719944,0.22364272142347727,2.48275514616132,0.038898704384012495,5.146815597766977e-4
1.5717629431695126,0.049813193143618,2.280526652864989,0.39733577682310833,2.3930410257794468,0.10538884582572,3.9497789366660027e-4
1.6093496578749995,0.04951793330453192,2.2091734548851365,0.3544045576011219,2.5936186282111495,0.08227011490882773,0.0012908473685342874
1.5792734285942052,0.05024385999528995,2.2193625436996887,0.36504131259834177,2.6391871492891776,0.08255135864328782,0.0038529374701389407
1.587519298504797,0.04923152086735263,2.1249329801127295,0.3630976839253629,2.2855255322434025,0.12291760769995115,9.666003757853967e-4
1.6176867812560796,0.04870001765139298,2.092620906722636,0.28041672735595424,2.4231540571123213,0.05853006655548013,0.0023442761680128915
1.5783203979868583,0.05113922485975888,2.3723711175431372,0.3186955889574537,2.606342360865334,0.0642707083457503,0.0011095642034788156
1.593212154731765,0.04903812915140822,2.3003048092785328,0.3814261343022685,2.5580900678757725,0.11820091358024662,0.004149613156664393
1.5766711586763722,0.04929890500165696,2.343254236230254,0.3879384660614435,2.5104113797776426,0.11280270210171212,4.574371300943089e-4
1.603445663865798,0.04962890482025787,2.179948476111661,0.34239396982828235,2.2489395756538966,0.1382605984127802,3.3070707071281973e-4
1.5766711586763722,0.04929890500165696,2.343254236230254,0.3879384660614435,2.648028771195675,0.09468594880721215,1.960502929981538e-4
1.5602803314091993,0.05142059215207899,2.2965020399711316,0.4200474014759674,2.507385567983068,0.10931046207034839,0.002473056254030854
1.592525958887165,0.04944346966422636,2.2547410741627227,0.3666758557677912,2.575082432915991,0.07594258400444899,2.7176501310416578e-5
1.5868697527337694,0.04759987588494667,2.2719778535730013,0.4237700821777693,2.3663815019404506,0.1406274480097467,3.332343991364716e-4
1.6220296997576509,0.05041171763936484,2.129671095510972,0.3074073760955958,2.364028873643072,0.09051762694054717,7.422123366301049e-4
1.6139463207775238,0.05023311132431884,2.203223938023842,0.27503177892298253,2.6930230210543664,0.06663332033991516,5.5820397070103134e-5
1.5682678292536374,0.04856036388251049,2.333883458412186,0.4060674697982137,2.540926180972679,0.08507567340290742,7.347335328258435e-4
1.6139594417392795,0.05020657008055304,2.1923746429080673,0.318323957031477,2.418299309500449,0.07845556699425024,0.003346807484004082
1.6009875328455518,0.04995430826699825,2.251816673602272,0.33159757439480864,2.581977311022009,0.07404117277886454,0.0020023836251421194
1.5849708744682007,0.04961960029680658,2.3135506496780356,0.38137039312914095,2.3951248465556847,0.09534834551328399,0.0011855489749104957
1.5893147263533105,0.04932730526381834,2.218077802992944,0.3671676858655785,2.306703138884844,0.07258814722653358,0.0019047280168795263
1.5569465121927668,0.04921876532854443,2.4333421317333306,0.44561463946495267,2.7119367269015973,0.13412826750413032,0.0010514375870488135
1.6263227685172947,0.04840873447949499,2.1639646859959196,0.3263533036324558,2.638223849891003,0.05398471025483577,0.0017542017064534413
1.635928208757022,0.04688408006287349,2.0818546413131567,0.2968187944372143,2.503265827801404,0.0657102138851305,0.004263243505680691
1.5797368616281744,0.04973324908048626,2.1441081807749396,0.3657318624785669,2.286620949904475,0.10212243025393467,0.00278410433898896
1.5958776707217064,0.04963536087551554,2.245370475075512,0.3841862170468355,2.4740442246178387,0.07405619755497068,0.0024685344386878804
1.5868684640960633,0.04923939529591741,2.0183762460261425,0.33772069403136973,2.112290436621508,0.11332677042773316,2.7368110688256737e-5
1.572459241218629,0.05169787286510455,2.3116198059549458,0.4079183020295096,2.351050088137767,0.16508270648896345,1.2001503689478827e-4
1.5625692765496582,0.05163551649420224,2.374982596275993,0.39375639990004535,2.388215617357132,0.08151284437378331,0.0019054912133398248
1.588716012614717,0.05145153523846939,2.184078111316984,0.35421297756846165,2.452564586074058,0.07909238146460013,8.456069254017276e-4
1.577210456497306,0.04792743761487263,2.361094977429556,0.39011332627603623,2.6403058221737865,0.09733613933606484,1.6697891297410476e-4
1.577751857773593,0.05122975829460233,2.3723563299358843,0.34750449891521584,2.6241922556576576,0.09985885438444597,8.346876202039834e-4
1.5802657199434482,0.04964542772099924,2.353023094367641,0.36490525909258426,2.755655379475027,0.08895993888555812,0.0015647292637287846
1.5926768101050843,0.04946822309510908,2.294004159530667,0.3690916679598632,2.2814604570542616,0.09057529008602917,5.363313361627227e-4
1.562003304665766,0.04967360580681607,2.4252110008445777,0.4226679101995836,2.6491525635497504,0.14199533883077603,1.2044549731503422e-5
1.592525958887165,0.04944346966422636,2.2547410741627227,0.3666758557677912,2.64816910824323,0.07765380257012798,3.696009721793003e-4
1.5926768101050843,0.04946822309510908,2.294004159530667,0.3690916679598632,2.3494935565232806,0.13124470682223624,9.081243608958701e-4
1.5893489623928778,0.04949668739722222,2.279416588011729,0.3875805889884598,2.7161393830803235,0.08680299191319793,0.0039801217501245064
1.5691213584214108,0.0496922354892108,2.3584239443648913,0.4262713509440873,2.7684164057357017,0.09062948030093636,0.005708574302122118
1.623888304038869,0.04957319178720509,2.1596376981315517,0.3054811465109219,2.5787148057098808,0.04436072210494587,0.0011266608519858987
1.5631903174577428,0.05091837593354886,2.379018308524812,0.4256902553043674,2.9810202536875616,0.10177763143026236,0.0016015161972942487
1.580976305316843,0.05003548008991872,2.2981317151358396,0.3746672923023811,2.632551178151325,0.08987454511700818,0.0032135731617342765
1.6099553256120762,0.04857537086838432,2.22548028736485,0.3395043784121243,2.437828573124744,0.10928674022194913,7.673328968978072e-4
1.567064138218944,0.05317577180076018,2.3462015558504095,0.4064658940671857,2.5496578098763236,0.15475288229011375,3.5867044760550594e-4
1.6097457165012692,0.05006247044106343,2.229158415721905,0.3585658067740955,2.6284044471928243,0.11380076141134197,0.002736574712589372
1.5893489623928778,0.04949668739722222,2.279416588011729,0.3875805889884598,2.774111917860562,0.08609142596337532,0.0052009156696332165
1.5869724427810783,0.04807446890346739,2.302359760125778,0.41201737223507273,2.346763687244071,0.12945257383569114,0.0014677184498093786
1.5860565446129025,0.04991912277585939,2.2606588067304427,0.3725485474828561,2.5473220784567023,0.08345291514667967,6.433864593513188e-4
1.5771563337843504,0.0498585786402552,2.295904852808543,0.41418306812686834,2.3006013701643973,0.10467396071407264,0.002112360701643021
1.5898659337681464,0.04965795538837432,2.2402051694870213,0.3618944939265934,2.3657087234807044,0.09082459206745197,0.0019294110276176515
1.5869724427810783,0.04807446890346739,2.302359760125778,0.41201737223507273,2.5680157393050793,0.10279612039878412,5.232216192509801e-4
1.5910550259216922,0.04932894120866989,2.227702610639353,0.3684232755695605,2.1751642878301203,0.09436646850979569,2.989889363234854e-4
1.5795699964757155,0.05042816435566318,2.2263253696361223,0.3987800546869302,2.437794111369972,0.14896707138500803,0.0016216109840248819
1.60598840805549,0.0495107151064025,2.174180767039714,0.31912627732649346,2.3229379949910203,0.10687479959020123,0.0020603498436249754
1.5467371785668638,0.04893138759831138,2.4426090116374417,0.468813715863559,2.550089447165912,0.10228649233504865,0.002533443280223946
1.5643032622535358,0.05160434404506526,2.4262188286791826,0.38370647086338694,2.603489894146341,0.08906869871042913,0.0029970721664005157
1.580940841293717,0.04992421311486544,2.312321357904415,0.3613207271449197,2.427683051396697,0.10094926212024258,7.673551073578987e-5
1.5643032622535358,0.05160434404506526,2.4262188286791826,0.38370647086338694,2.7289041543042885,0.0888716739375778,7.243259033126266e-4
1.5660646374158635,0.05076495274967312,2.2171578032485124,0.3806722352998924,2.5766938418812226,0.08127207575777179,0.0033361653915681836
1.5958776707217064,0.04963536087551554,2.245370475075512,0.3841862170468355,2.2905406130899526,0.17279712730383395,3.0829917295022884e-4
1.5788384882893889,0.04926785910628186,2.229848987198168,0.4064870755458396,2.482222651868767,0.107965029755216,0.003938579810845096
1.5637806087943644,0.04835869464511405,2.4096282946754957,0.4304898905996453,2.4579251697535365,0.16139703297371616,0.0017099781337072296
1.5972148608072654,0.0491331000532219,2.241548046411066,0.3490799764634889,2.6214433490803826,0.08839355653436248,0.0020468762195096015
1.6083085793893797,0.04856950434637121,2.322702592296894,0.3618809740733688,2.8568601298070493,0.10289806222309678,0.0019070173969761785
1.5830595476625349,0.04777527637035049,2.25147061489619,0.3826773422703018,2.61330257699392,0.10263242381117589,0.002353237512276052
1.561407114260141,0.04921724093168669,2.3625246633545873,0.4246347655795807,2.827619101933492,0.09337766261061521,8.239758859420716e-6
1.5849708744682007,0.04961960029680658,2.3135506496780356,0.38137039312914095,2.5514713546738204,0.08236970151194947,0.002073648974046647
1.5699565684236807,0.05067916566605968,2.412017138917418,0.38403892026286257,2.5852503023500852,0.08919661749595584,0.0014213048922298104
1.6070631488063791,0.04962847918116588,2.2036635219843332,0.31480170503945304,2.498718302713766,0.07500223441802921,0.00112198480589437
1.5665543766363366,0.04968239919730145,2.308001823494134,0.4433347120820709,2.5480926254712246,0.10309236332040893,0.0016993667478731687
1.6088152037995596,0.04873214644442279,2.2139951990992923,0.34918728706481583,2.371447545683654,0.12985141538336153,7.327876330434204e-4
1.5960721921351977,0.04827776733168718,2.1490262730418324,0.3516384765597075,2.199140560097088,0.10132352185390488,4.440508307494666e-4
1.593877825390829,0.04976978383066042,2.2058022414380623,0.3216378496161411,2.4566389459606706,0.05212305589673797,2.10362880266032e-4
1.554689498883154,0.05283959247560272,2.434288611460954,0.4010795448645184,2.692175069429478,0.09490559015634409,0.004476549940015967
1.5569542573331332,0.04943087935514456,2.216168409837005,0.4047646634828622,2.741406560476285,0.09557446438446109,0.0024948433884737983
1.5774992791120457,0.04851195770767486,2.291540222088377,0.3938927000597181,2.3868354062803716,0.10268825849814132,0.001975948445203804
1.5610371185711351,0.05232315059697962,2.3476986563063584,0.4035060675610138,2.7666315012781535,0.07048983508817315,8.145356924657603e-4
1.590289593569704,0.05119416478500385,2.239163509091854,0.33075848061264695,2.4353879061035846,0.09165359861131771,0.0019463649761638534
1.571330345982529,0.05032681241765512,2.3859359937763167,0.3809569089723525,2.5367132531254697,0.10854355111461106,0.0017224715529100846
1.5924923334313104,0.05044189584950675,2.3635546712980005,0.3642135657079949,2.5341193751738036,0.12077981030762129,0.0020694989208070776
1.598728758272423,0.04923266847485781,2.197880930389776,0.35913179835137143,2.455598871867337,0.10581936593073257,9.194118586500692e-5
1.5723349624105147,0.04914974737834412,2.333716635013974,0.4070919859195025,2.568038617132821,0.07824346537571501,2.4266404871232217e-4
1.5860340345849988,0.05116651653660405,2.166976306872479,0.3384038807494254,2.3238827690732844,0.09133248779090687,0.0010076443816965366
