R0_wuhan,recovery_wuhan,R0_alpha,recovery_alpha,weight
1.6367040411681464,0.04947232328462001,2.1200841202365117,0.2359809617876906,6.805891163789642e-4
1.5858216760206536,0.04900593106883887,2.1368615675714433,0.35263240584592215,0.001994574712224383
1.5540191062405058,0.04920366692762527,2.1322587301162583,0.42870378549941035,7.799868927355994e-4
1.588783561804501,0.05048920374204751,2.317966304267674,0.33597770044124,2.3859677485994502e-4
1.5864823444097866,0.05015378228006083,2.189192928805389,0.3434171153183505,1.6701688238749117e-4
1.585804150276825,0.05161672119517086,2.3137786182079774,0.33826504508735633,5.488137857288613e-4
1.605110612409616,0.04981138151782304,2.119161430143086,0.25055841800168965,2.0621216661749391e-4
1.598424185314614,0.04963768043200398,2.3472136169956164,0.36027263473030924,0.0019239026095224444
1.5828966593022218,0.04965660408252891,2.3364073531015763,0.3764392331642191,0.003078563541157106
1.5757051361734729,0.050241241232353,2.268152713845876,0.40418366227011543,0.0013671990474707352
1.5821463051042857,0.04755711386281931,2.1586546866690126,0.4030791010237094,1.7862640736027674e-5
1.592525958887165,0.04944346966422636,2.2547410741627227,0.3666758557677912,0.0024816104795635768
1.600557401055091,0.05021045660332886,2.1913628027948677,0.33745468408994317,1.995378718865794e-4
1.6464703073875793,0.04842257759609873,2.0118298284605163,0.24520384673481638,0.001412438202590593
1.60746347148958,0.05315620709688391,2.2131595015414933,0.24176033997926608,0.002237333222908662
1.6021322331843006,0.05162168545286626,2.086383124643146,0.2589934144496714,2.955208727838022e-4
1.615985224433546,0.04981239780708791,2.167632067752397,0.30867006202389397,0.0029078340891786963
1.627605078559789,0.04731323934725789,2.2055645139223072,0.3524280095754243,9.00185028288784e-4
1.6568746447570768,0.04701381212857724,2.0030183618988784,0.23574368338344415,2.2128656218458663e-4
1.6218861427217155,0.04868034280180016,2.107294071067412,0.30210783639561506,0.002758729626235246
1.6150114551877144,0.0488531080190403,2.17562374494234,0.308395767111053,1.765835006541548e-4
1.6089974863196843,0.04878831915581343,2.1696581647452464,0.3491887709099471,7.815701284604164e-5
1.577210456497306,0.04792743761487263,2.361094977429556,0.39011332627603623,5.436300096078287e-4
1.5528940066075152,0.05079381030949277,2.4035433267367496,0.44037175772805215,0.0012607543894801614
1.5988756982214611,0.04920494726622228,2.229401342603064,0.33382979833766385,7.144287649985699e-4
1.5960834447136265,0.04931418272418777,2.274575152885784,0.35773147819367274,0.0014807602303652505
1.6216413036993302,0.04956952280310931,2.0974141220471343,0.2758031452882498,0.0011534383116285738
1.6348342966699612,0.04954809987206933,2.123129070502132,0.2658954754227729,0.0017336034383450534
1.583917851698538,0.04974355645244613,2.237922119055984,0.36149582305306316,3.569964551264618e-4
1.6110063630954663,0.05081885538709983,2.1249926404473753,0.24803513655584,9.059555405978911e-4
1.590289593569704,0.05119416478500385,2.239163509091854,0.33075848061264695,0.002645046398005895
1.579263825444658,0.05111715058189019,2.141220821841026,0.3484554829570237,2.2254244261328242e-4
1.6353987304471722,0.04742953885002012,2.0235297179960336,0.2565782036087789,0.0020941831169487826
1.5820034942310546,0.04884591888014252,2.29754018421746,0.34234191990031293,0.0015652411896418662
1.586888323992798,0.04850957827507014,2.183942688838105,0.35101203162236544,0.003366886018759307
1.564996143429652,0.04783189541126431,2.147248674273654,0.3681134111176818,0.0018715410951993
1.6233293409031355,0.05045510772877847,2.0932297767835437,0.29476163647376785,4.3367967356577425e-4
1.5901194182220022,0.05032810007451702,2.2267089619921565,0.34550779871627185,1.0210956841058467e-4
1.595642487087546,0.04913581386152911,2.240229455406001,0.4111669860316411,6.00445374137075e-4
1.6161922107490216,0.04979056775804154,2.2484907437163537,0.28718384365571825,0.0028554393724457205
1.6264859277959447,0.04870026812711658,2.0793238545163666,0.24778875126825303,0.001486391542615787
1.5928398773782926,0.0497021970377716,2.1828203118054037,0.33869400393265103,5.927795298327365e-4
1.6562824984088071,0.04887621778027141,2.0164424037199438,0.22364272142347727,0.0011354009491037164
1.6263227685172947,0.04840873447949499,2.1639646859959196,0.3263533036324558,0.0012793976628193374
1.5794240966606348,0.04808102261376873,2.1726362132525714,0.37555711819656523,0.001029892100183139
1.5630091865634903,0.05008677797881549,2.420807804341761,0.4465494762186017,8.541953258619541e-4
1.5999204730060608,0.04945323824440676,2.168692188788675,0.3149959797009431,0.0014641037929379994
1.5951505417189482,0.04837970405983311,2.1578240959734094,0.297577893659948,4.154736240240056e-4
1.5920111716268617,0.05143602202953643,2.363853345294132,0.32821596814437365,3.965076406646527e-4
1.5787089045991007,0.04816026959706712,2.2703477275422284,0.39665689173758123,0.0016237284278521214
1.585258176345744,0.05034985700480244,2.3738443181411415,0.3232652732008763,0.001957241069636379
1.6201262556622913,0.05115081314460405,2.19702561143484,0.2746478420773856,0.002178444719082009
1.622902613112414,0.04827970517702545,2.1543031655516813,0.28057496473691235,8.205683123153646e-4
1.5889972683264657,0.0508594185969697,2.1494202317108297,0.33123613098912397,4.105568221820977e-4
1.5936898276367806,0.04958378262413962,2.2139311297002733,0.3524294883640415,0.001900871631205341
1.585904117347373,0.05042589244120261,2.2491906557467916,0.3244262090798879,0.0017696326727921355
1.6309403737309285,0.04860291947171679,2.1508556790944913,0.2845313238334576,9.085615114900491e-4
1.5733904426413263,0.05110658106098417,2.2444883182911797,0.3397800247538304,5.343710199892349e-4
1.6081603648831848,0.04984161844783861,2.1979994827995726,0.29715412376895983,0.0034158467669030586
1.6048144371174633,0.04944571022157136,2.21752586475794,0.3721867531173143,0.0015519594177821779
1.5695904862366057,0.0492636590511462,2.299280085173487,0.3841632815189759,0.0013327762675848993
1.5742443994121222,0.05170233426872018,2.348579805571498,0.3197122271481821,0.0018074701815576025
1.5957260038908656,0.05026089015703162,2.2021807220501315,0.2992696351259889,0.0022739850687599253
1.5584705352113568,0.04763863209114084,2.3608776321859777,0.43076018614857126,6.338319488763899e-4
1.5761874846391342,0.04949585010798292,2.0994905152330223,0.34553797463964847,2.254767680660005e-4
1.577014835004966,0.04915905389127809,2.3914480461384304,0.39753371842391244,2.834757164441923e-4
1.5740581212261058,0.05181478775652917,2.242025521387818,0.35360232290403776,0.0017900510096193216
1.5992902162320275,0.04906092734883457,2.1759430422028174,0.3785894559927188,9.172769886088139e-4
1.612230252185463,0.04887433041983828,2.154852962721077,0.2922654783508753,0.003410922009781546
1.6311849602824784,0.04851959059530834,2.099348650336722,0.306182250402362,0.00053938120549124665
1.6088152037995596,0.04873214644442279,2.2139951990992923,0.34918728706481583,0.0010537931773978836
1.6169119128499168,0.04930413907967655,2.1694311374143167,0.27372345516553476,0.0010406183427364654
1.620028739141892,0.05092991739626206,2.1656177662761653,0.22869151972048388,0.0011728712703972177
1.5862310387637402,0.04949486334245372,2.374464508172408,0.3691839568884361,4.323340369840271e-5
1.583782597338129,0.04865703706517785,2.1571127508225416,0.32218473138271125,2.1464112231968984e-4
1.5597909019936371,0.05144946720961897,2.3824301128999825,0.3994073184254459,0.0020975464722113304
1.5807954012413894,0.05129213017692747,2.2818862645111944,0.37020794664467127,0.0022698487035058158
1.6182021040090455,0.04944990619005932,2.12659379270494,0.3503622993236008,0.0015362700865982593
1.6388545203897071,0.05164000920218612,2.1641533841538876,0.21047887095892906,5.512012794989233e-4
1.5617011663680735,0.04910285020809432,2.361955741040103,0.4288930676922205,0.001514329063681903
1.5962645609885202,0.04855039233911123,2.1589018722823914,0.36762170277908074,0.001504749069447408
1.633083088778168,0.04971519930108643,2.07968013748911,0.2742036829363991,5.374060439356878e-4
1.5893147263533105,0.04932730526381834,2.2180778029929438,0.3671676858655785,0.001392526434701449
1.6308050397016818,0.04801785770450955,2.1734407127878934,0.2692381443145877,0.0014843538857288955
1.5930785017995943,0.04955421806440972,2.136470428964209,0.36801227620716914,3.362648947037069e-4
1.6073859200423024,0.05057203739824734,2.1331874245878852,0.3312689786976011,9.3276493542764e-5
1.550937601581145,0.04925569663764734,1.962990741241585,0.33446827720791805,0.0019352272416387484
1.6025904180236523,0.04865024136296747,2.2221506660289423,0.29765510099814685,5.219586797519774e-4
1.604678191808132,0.04902351546522588,2.3308307659773546,0.32540713422211853,5.560748801701108e-5
1.5799224724045682,0.05092115823021619,2.2339749456527644,0.3934147700271224,8.1902009831372e-4
1.5796229978807577,0.0496610013269153,2.2591641523697072,0.4090290344756311,0.0016138856794251863
1.638040417789664,0.04925266907486264,2.094614284647889,0.22962911956128904,0.0019030540558127105
1.6135899394779338,0.04832429661183901,2.256666526166276,0.3466302951661385,1.286735661425791e-4
1.610704695576783,0.05055633992822372,2.1385286491484177,0.3105419872677258,0.0025723827701425368
1.5934467781132755,0.05168281296027478,2.2648389646924096,0.25976996775577327,5.294324137272129e-4
1.6081186701539791,0.04801934501251846,2.1725839378066847,0.3236872568841422,0.00180133274438903
1.5789145144310006,0.05011650808509013,2.1754405027051913,0.33885838499916465,8.393335420127366e-4
1.6251774805483612,0.04767503929423555,2.12666921583321,0.3385264204182536,5.622430864020329e-4
1.6181687500560653,0.0474216069568977,2.1395914563799363,0.3678083137751849,3.438128917984418e-4
1.5590601856504025,0.05103062942384286,2.326594127147772,0.41896354491631244,0.0012544287700403769
1.623888304038869,0.04957319178720509,2.1596376981315517,0.3054811465109219,0.0012019222124481535
1.5741246940041822,0.05017442971767843,2.298929231488914,0.35431208019790544,0.001216612359257681
1.610936629799803,0.04938305988247117,2.1325031658670635,0.31346092327119807,0.0011655760046440302
1.5980062763280858,0.04985893618045064,2.263529273849966,0.30916748338744415,2.5836573782675183e-4
1.567323319384694,0.04993200375150571,2.0621832319180373,0.33001812324956703,4.13851962423067e-5
1.6060687653470416,0.05055905478996489,2.197667953533854,0.3540243459874684,4.0489358291785074e-4
1.6137611299884456,0.05034996085185383,2.229681849404318,0.30704659605362433,0.002769872826574717
1.5652158990406375,0.0517205571065194,2.3980548515004427,0.37547346871942644,0.0017914471032774324
1.5792734285942052,0.05024385999528995,2.261214882582136,0.3962534091532294,0.0010736694272880769
1.5844117545327696,0.05184240571825035,2.4044307714121547,0.32267589134392854,0.001266869942722626
1.5754096320425788,0.04989065753304285,2.3285322643966038,0.4209185192152939,0.0015030246438865365
1.624660449905013,0.04819772616069338,2.0511368974108786,0.30899898161382644,6.049104481084222e-4
1.6040999270932452,0.04947483249326847,2.1843462159277878,0.3021549998824335,0.002086360615837653
1.5873103031954054,0.04958731397727236,2.226331523799746,0.4095638370100197,0.0012886246519006933
1.637013227303494,0.04895753576719895,2.1398111562203854,0.2503528015065621,0.0031285724888353837
1.5826213263322912,0.04896545881183198,2.3470602533761897,0.3713216667910024,0.001789450967069777
1.6126350366636562,0.04819245511349398,2.141297058251436,0.3688901402362081,3.25743999216413e-4
1.5958776707217064,0.04963536087551554,2.245370475075512,0.3841862170468355,0.0010949327083697408
1.6042575425753864,0.0498086388859321,2.1871033197762206,0.3226724407415361,0.002794494162688848
1.6099007212929188,0.04953359873420347,2.1420887811634164,0.29981756462013626,3.7828972645363517e-4
1.6101913476483265,0.04898837788771919,2.134393533653542,0.28491207077062025,0.0014522329857708663
1.5791222521315147,0.04955383485082799,2.336155280378706,0.36786246787248134,9.469528041978519e-4
1.6083640898543223,0.05120683538087971,2.312171047600285,0.27226907735427097,1.66753470520643e-5
1.5991751444028677,0.04700187593109343,2.241020589866754,0.3904640256473357,2.594965411794676e-4
1.585302854083551,0.05144448324565393,2.293297399035461,0.365386426662735,0.0023796263944006043
1.5979371145064991,0.05026398330683042,2.241657652319422,0.30887280103095566,0.004223137233918992
1.593877825390829,0.04976978383066042,2.2058022414380623,0.3216378496161411,0.0034688910052098287
1.5958398510688736,0.04931797497207648,2.261449318041383,0.31180098151061236,3.7572344608230836e-4
1.636366808164904,0.04549095203492757,2.1500050376846906,0.3517244726195204,0.001089054716603653
1.571330345982529,0.05032681241765512,2.3859359937763167,0.3809569089723525,0.003463290704788208
1.5872814019214263,0.04988561283581974,2.2082495883677278,0.3176682832687317,8.093180176204405e-4
1.577700210334538,0.04916848823210879,2.356465239334941,0.4032695100768285,0.001419453494657769
1.651745584380169,0.04828379595616447,2.0815924281209437,0.2083819471592286,7.939160242404887e-4
1.600070833713166,0.04847707623503294,2.3498683847832007,0.3444291000836314,0.0018713102121282468
1.5782452826441604,0.04926009154543987,2.1877728823041793,0.3752062857899834,6.788304485726246e-4
1.5949005490998502,0.04978644571520815,2.282136232312479,0.30741790650448625,0.003100056088771555
1.6392714692083827,0.04879500028079936,2.047430633337865,0.2562871621898363,7.216608386169061e-4
1.6099290262083052,0.05008929935453801,2.1184107403593697,0.29306981920222497,0.002136376363416897
1.6004240016720808,0.04727107980553199,2.2450310112986953,0.3999510573070443,0.001482139666942172
1.577751857773593,0.05122975829460233,2.3723563299358843,0.34750449891521584,0.004310591179587764
1.6022067811942684,0.04858369764489279,2.122199479372601,0.33251853435804934,9.102572595047114e-4
1.5868684640960633,0.04923939529591741,2.0183762460261425,0.33772069403136973,9.130755619799324e-4
1.6295069243141282,0.04867852841193796,2.0963091890639753,0.26216113696657917,9.496165414887356e-4
1.5525941885594672,0.0480898925634593,2.376567182600236,0.459667710434658,4.176767578182825e-5
1.564217647612932,0.04828801036993283,2.2731722120314206,0.43191665370656446,4.2001808015515116e-4
1.589361162538532,0.05373716923166996,2.2999650364360953,0.28091688447583096,0.0023647895691303986
1.6016103234454715,0.05003874641089016,2.2022649206919334,0.3311659354354166,0.0022622262072878882
1.5665543766363366,0.04968239919730145,2.3080018234941346,0.4433347120820709,6.394714224133152e-4
1.562032122514062,0.05246702741690723,2.290250804385699,0.3493340345421994,0.0019498356753207694
1.628005056230134,0.05191489403239761,2.1852709727969,0.2146145899143322,2.2543617893717516e-4
1.5714515201115768,0.05046147851328111,2.401309081307772,0.40660344221968303,3.2097397814149706e-4
1.5783203979868583,0.05113922485975888,2.3723711175431372,0.3186955889574537,9.289186318393595e-4
1.5766711586763722,0.04929890500165696,2.343254236230254,0.3879384660614435,0.003468413555141659
1.636133810877294,0.04963509469477719,2.1481344172444903,0.2541959435039807,0.0012184737180977942
1.560611857378258,0.05157358671819575,2.3313803691059674,0.38534259859497505,0.0019647058174808384
1.612715963239918,0.05038835062412595,2.2598094006275407,0.3163607009679242,0.002410669940999262
1.5792774655226114,0.04971390040967703,2.3030678983200517,0.3930884418748389,0.001263054114222872
1.6647927026007958,0.04794635829630375,1.9511361586440035,0.20721638913689414,3.6519086103519944e-5
1.5982979704290854,0.04925232285791414,2.2609934514123524,0.34282177003076125,0.00211973957032911
1.6139463207775238,0.05023311132431884,2.203223938023842,0.27503177892298253,0.003121176475451815
1.608198578112218,0.05199797926012783,2.1825383549671535,0.3287940340647293,4.27447292637035e-4
1.614817207115662,0.05010065960601338,2.04311021989737,0.28503852803190344,2.885716793483915e-4
1.6115873205380546,0.04790620202869621,2.2990819380093623,0.30709468505485954,0.0013676191643756269
1.612694788661046,0.04786047876117098,2.1203576110597395,0.2862065561105525,3.3294182315732346e-4
1.6023237127097465,0.05112418352582232,2.294957838235412,0.33556681538076494,1.6065924014868616e-4
1.6246602088664184,0.04954185283479296,2.1246844791214214,0.27152172305981875,0.0032296910043376017
1.6212100685767854,0.04865844795789422,2.0944525068858715,0.3040958244741992,3.0271004023527375e-4
1.619326781249949,0.05060303756049564,2.114143598907169,0.2914807609141611,4.933537522942231e-4
1.5792631693286416,0.05150540928744007,2.3165383662215393,0.3650315921989277,0.0015054835581126747
1.5909936523349908,0.04953695820255084,2.306402232373813,0.3249366298126873,0.0017361977649543625
1.596861743124001,0.04942551825932122,2.300801980010679,0.3673777938149182,0.0018207686551630813
1.6214749416787242,0.0496522992655385,2.1552148599628325,0.2543959265093999,0.0026797914832270312
1.5994916212724233,0.04993279899339815,2.2509497654767574,0.30356065456043557,0.0033667725802045785
1.6258016222747989,0.04884633805553703,2.150298333950465,0.27670118204489075,1.2410269911762223e-4
1.6236161113750045,0.05045227943109347,2.0815294616398283,0.2346337804873276,8.90430187767291e-4
1.5518726014773312,0.05177957516206363,2.361157535811845,0.40541433738435506,0.001384417645576773
1.5477831451727644,0.04966277821676031,2.4383349531248664,0.4365683683931724,0.0017960798511871092
1.6156770849008746,0.05004190598022839,2.1424544583187504,0.3005798856768224,0.001022668599685348
1.630182276496054,0.05062872478032049,2.1277903807592784,0.23040510559969798,0.0011337707600228952
1.5847400595790386,0.05007109688954938,2.286307916856515,0.3482396945736999,4.172225412372256e-4
1.5875711040943528,0.04877444782944493,2.3564005274305724,0.39360452204542823,8.640769068592983e-4
1.593982179925895,0.04910424591387054,2.258567404883736,0.3581593936325862,0.0022113942632622776
1.5631903174577428,0.05091837593354886,2.379018308524812,0.4256902553043674,0.002151298093860206
1.618857194428804,0.04812651903811543,2.1196899371865463,0.30541258204719507,0.001951334423931212
1.6344007807302678,0.05018988095058686,2.0079150161841697,0.23643834184919332,2.5014910275806006e-4
1.602702751809727,0.04795575940031675,2.10235872079273,0.34353101121751256,5.625580833063782e-4
1.6083652817060468,0.04957788376941588,2.032341640675441,0.26887581053775894,1.9186946686061405e-4
1.626550272688706,0.04915413065150847,2.079331513652759,0.25849667158597345,0.0021868217105561307
1.606343437034129,0.05013375683671397,2.230231990610982,0.285533588736237,0.0015081362500888474
1.624553568586308,0.04895956352075612,2.19921221538175,0.3099313343386726,0.0020501169172572773
1.6157533868948812,0.04787525641728027,2.2655862538885514,0.31135560140737323,3.485356921412566e-5
1.562001076667475,0.05030601334514686,2.3810354291515714,0.40677362290307806,0.0012014765411802583
1.5783225045183498,0.05006108469142911,2.2893318620535084,0.3799203362150743,0.001595367519497594
1.578892580030553,0.05265906188932241,2.345860917412784,0.30832228601068407,0.0029178189078877086
1.5788384882893889,0.04926785910628186,2.229848987198168,0.40648707554583957,0.0013168928803327525
1.5736583122170906,0.04957224335157489,2.1165828908146804,0.3632797883488037,0.0011387727630871383
1.6100792697558255,0.04846790567043088,2.1221641418249564,0.32002783503901716,0.0014451714489886586
1.6325951185918903,0.05023564148068599,2.203094122088074,0.25157482730213576,0.0010374405952569908
1.621623978163221,0.04888354114537951,2.079445854368575,0.30310066666534624,5.96081725288627e-4
1.6064156578840996,0.05025749493773745,2.2648646450008814,0.3169046771128599,0.0029088337990441737
1.6260335770268266,0.04968613409156575,2.203671199394995,0.30440919539823413,9.447058100591152e-4
1.5881932749406344,0.05043207235690026,2.1711868046047473,0.31541567997418263,0.0018272235811496917
1.6125918273400976,0.0493317845854624,2.213014728080744,0.3203835719960327,0.0010942651789517084
1.6313745787913492,0.04711514230939668,2.116151484494539,0.3136297463246183,3.953380404500186e-4
1.593341403526614,0.05041374695664488,2.111306336233959,0.310650043288108,8.089205386805864e-5
1.5849426483888576,0.04809727822254527,2.314008886749975,0.4007222947082716,0.0012907699685209217
1.5809526427543217,0.05115451278200923,2.263890646597369,0.34238330442473996,0.0028770513447287567
1.607177917303684,0.04876542244842507,2.1716923534242,0.3144524426655006,0.002619889278420555
1.610732659470104,0.05004165645175542,2.1425937137338513,0.29100019349452033,0.0027747218696408784
1.5853338465908156,0.04982654051572115,2.3346491709256787,0.37004940163647126,0.0018085202985150637
1.6072341835774362,0.04996204426303626,2.094343117863643,0.29809550443621213,9.448546225856758e-4
1.5625871269997758,0.05190780015234306,2.3875562033746927,0.4181063655599032,5.545741767504571e-4
1.5691213584214108,0.0496922354892108,2.3584239443648913,0.42627135094408725,4.83695702450572e-4
1.5714515201115768,0.05046147851328111,2.378868574985687,0.4344666322717185,9.176160288583264e-4
1.5816851648571155,0.04903337174417808,2.271666348032599,0.4126762220243451,0.0023843853574883507
1.5530418951024103,0.04980434573823944,2.3964183161988877,0.40817666142395104,1.3846560739636766e-4
1.5830258693537176,0.05068839057043482,2.2500847412162406,0.3414957865593338,4.3783212779978706e-4
1.6003134262967056,0.05025016133425619,2.203364881258281,0.29117696043139474,0.0032915416648529585
1.6352246967385158,0.04954295863764169,2.2003536403846056,0.2931049062263293,6.864131272659252e-4
1.5674282387155043,0.04815174714169642,2.3205243616990914,0.3875843478706859,0.0010715166488567771
1.598834134019806,0.04988999541814657,2.3042108974789315,0.3267944050540507,5.971805152746415e-4
1.587595777911077,0.04984496657861274,2.3696502456635598,0.3730185531189957,0.0023689570020602752
1.609841468542505,0.04739957692402374,2.1886629458829217,0.387047717935655,6.051159909105429e-4
1.6050887412627466,0.05041546498087657,2.1694777649306567,0.2785293851956974,7.859686877010077e-4
1.5882789077375656,0.05049138573737928,2.2547937652359957,0.34378777033700586,0.0028690956533083635
1.5882352233101504,0.05015229755582884,2.363477553777259,0.3561023398335259,3.0376382888233394e-4
1.627664165577317,0.04962583790717159,2.088836431006212,0.28037177213116715,2.5877498952329086e-4
1.540642180021013,0.05004718460593507,2.4742819111328527,0.4459507330220108,3.9784259538044083e-4
1.5866532851712172,0.05059694810015882,2.34323921440156,0.3824132880080688,0.002576264376184619
1.5699243791511386,0.05121502610776907,2.3245818663996833,0.36901051940320234,8.404785797420655e-4
1.635928208757022,0.04688408006287349,2.0818546413131567,0.2968187944372143,0.0018132856630605034
1.6212100685767854,0.04865844795789422,2.0889698857821344,0.3000302204628979,0.002255289310389624
1.6000520672206264,0.05043541197602841,2.054947025296897,0.28366043621831927,3.1300454962908256e-4
1.6022559682802535,0.05008116352122065,2.190680429669513,0.286687468623656,5.1278536625057976e-06
1.5947250594865776,0.04926251425188815,2.237303224652041,0.3552644364699493,0.0033345056820541707
1.6197503943502063,0.04795513387311145,2.112242796269108,0.2632468577218978,8.589256649816703e-4
1.5836344768540822,0.04705390880844135,2.254804956715153,0.3717231671079907,0.0042185862573365755
1.6057139016249442,0.05036984334731927,2.245012433725031,0.2834509684165937,8.425855233817502e-4
1.603054205092011,0.04957884078379242,2.128969993598026,0.35529523560897913,6.745798697371033e-4
1.6115167031484547,0.05000149625750147,2.0905271627777338,0.2654459700616349,1.508916185839734e-6
1.564792241061646,0.05088468363109713,2.46655266751297,0.38453958990955245,0.003073429756756387
1.5619896042188317,0.0489513548706383,2.37512396493581,0.4471763678032262,0.0010386732417632949
1.6328696563088478,0.04906306048468417,2.079107138196509,0.2653146350787569,0.0018105666147072278
1.6057694353272232,0.049946796661702,2.107768040170743,0.3249431557208982,3.5491765479422264e-4
1.5727433007390386,0.0475712823257115,2.35334352006177,0.44189362052018677,2.2764284285759127e-4
1.5587208238319912,0.05097585436668769,2.4064363527825954,0.4018779497748455,0.0027747432483224274
1.604832055088715,0.04950012233707475,2.2087630940361924,0.3764352338025005,7.594985005241289e-4
1.6062445257518188,0.05141863495730748,2.267792454463595,0.27072310055570054,8.74818594563222e-4
1.5660646374158635,0.05076495274967312,2.2171578032485124,0.3806722352998924,0.0011648281154799356
1.6040973729447183,0.05002702376129225,2.194129718505616,0.3127285676567258,0.002193836960349363
1.6058769468385363,0.0506037580124317,2.173752457178073,0.28232410785500095,0.002089283803137189
1.5969636487428076,0.05077024369678138,2.086636846359445,0.29866035160929055,0.0011543051794404202
1.614039381478278,0.05060332798263711,2.190890656236012,0.2848635302028868,6.240262989838663e-4
1.5723349624105147,0.04914974737834412,2.333716635013974,0.4070919859195025,0.0023062207624219956
1.5933147842644315,0.04898060868000156,2.316684152441077,0.3392083006692066,0.002320862172505372
1.567571204801368,0.04989105893519414,2.3970769472734816,0.3748948486527055,0.0018122239638779297
1.6150861541777983,0.04981201496528856,2.167498276737796,0.3099519592017341,0.0026476088702748956
1.602994052137806,0.05008595266547423,2.142046108600213,0.29720558111114864,2.433549788845508e-4
1.6305943395558384,0.04995620164160071,2.0818158708042787,0.2594606040697742,0.0019106455202656863
1.6051009434439274,0.05230048738154883,2.1832096120607947,0.24668830444756681,0.0010717941232732053
1.589359348917868,0.05039556963384093,2.1907931615412632,0.315735410373349,0.0016104548566538061
1.6140774768000428,0.05241324947699243,2.159751077239629,0.2923476162594849,0.001672389391421832
1.5864877143318217,0.05001828463280395,2.263982564125408,0.3356062158127924,0.0028661442433850926
1.5910388269056703,0.04899930023559516,2.236899457759907,0.3370225353720921,0.0021936645973441625
1.6082734562390026,0.05102956842677988,2.2334146555422008,0.3186400504223815,6.006951730710774e-4
1.5675251945691688,0.04894168154900764,2.376012136115098,0.3730517705253377,0.0011713148132849265
1.5853227922342032,0.05058337787478313,2.3104508331930624,0.33049490935693576,7.655914220686611e-4
1.567181378531149,0.04908883831601566,2.3059729550168533,0.41392232819238145,0.0033961237436848156
1.6257527586390501,0.04736094622585163,2.1574496089182866,0.32838989065946245,0.0019349769357380991
1.5940900222518986,0.0510411950161364,2.1311385846600364,0.28792389098555843,6.354613880442169e-4
1.5764319165895675,0.04957032186809668,2.2233343679012822,0.3259285708087045,0.0014556104501718243
1.5950220546697411,0.04924070456800833,2.1934220485899876,0.32823415577613674,0.0014056252789661423
1.5638068837645942,0.0490491039045569,2.3551385393708335,0.4163696955621584,4.804741711172899e-4
1.6024193679942835,0.05094040680148821,2.365137298607861,0.30713441326346524,7.123013060582862e-5
1.5902953701186544,0.04977963212285332,2.1619118692260177,0.3128785872241446,0.0013052691658642665
1.597677535428193,0.05013772981526593,2.2576389460201036,0.3531512349449929,0.0022447678355690857
1.571817366171532,0.0494678274534393,2.359738694003653,0.357470569289076,8.73877907356168e-4
1.5991138523764126,0.04865595668739092,2.246115649193226,0.3625667313857202,8.870790165227086e-4
1.6087179669804481,0.04833482245030492,2.0605653214407345,0.2798115612516722,9.819194680957212e-4
1.6165562402018872,0.04979367594508975,2.122529296253126,0.3254976600910045,6.984477207154578e-4
1.5897494126874916,0.04885175018541198,2.2102692081129978,0.38427888921356035,9.917375945315274e-4
1.595812927533671,0.05167050906367862,2.206466078861,0.286405857096066,0.002111577253156167
1.5634465173152294,0.05105703120304856,2.407210005944005,0.37799058027029037,0.0024765662828164867
1.5626802089876397,0.05110380369446744,2.3458675431082123,0.41158097874639876,0.0017997544269710455
1.6207365177097377,0.05128461686463092,2.122174788106511,0.2665304805957226,0.001044786426005781
1.5912214658808972,0.0494114367535247,2.164539617155709,0.30324153522079494,0.0015754440564204862
1.5685573950451108,0.04948253278202647,2.1132616815090293,0.32583271499418537,6.080108642782227e-4
1.5797368616281744,0.04973324908048626,2.1441081807749396,0.3657318624785669,0.0013184598197382923
1.6223762045557577,0.04994787315189685,2.1760192333185264,0.24277645958860988,0.0015819340339345612
1.6180855312407676,0.0493787089343212,2.1970648119630205,0.2924721961184024,0.002128309333334593
1.5647235845768888,0.05007531247014701,2.34969967452669,0.41517508544223275,0.0021390482998682493
1.6301466461683147,0.05057565195906956,2.067079978017399,0.24331918012266152,3.6550199525687584e-4
1.6246595085666538,0.04875812839114109,2.103078900496292,0.3054301963005818,8.203873932358537e-4
1.6239477124408641,0.05066338560751643,2.154871634031386,0.2819488224222434,7.379174078755233e-4
1.6170912982994416,0.05064042076840058,2.129882625348279,0.29353588654809837,8.098379288643311e-4
1.629526318546202,0.04943939392240304,2.120423500279233,0.24096571951718507,4.3991833311761013e-4
1.5867337078394794,0.05008778675892179,2.337484166466499,0.35284820774301967,0.0018871564635315002
1.5938346156824492,0.05094889940599811,2.3618449050951607,0.3109576837003623,0.0019063276214364906
1.589657406664055,0.04916338787377455,2.3322013441125358,0.3544731248291742,0.0028915136918474895
1.5884431732348994,0.04889527338746129,2.2282390042088176,0.4067060166407013,3.716867614703475e-4
1.59397456043007,0.04977940862892617,2.2723222123465967,0.3084845963526267,2.865641522495584e-5
1.593134633639821,0.04978221381087217,2.208597559440217,0.3083269076459574,2.661878186253309e-4
1.5643032622535358,0.05160434404506526,2.4262188286791826,0.38370647086338694,0.0047255201201005445
1.642362648049677,0.0499477388528568,2.1122282036122373,0.21876740116833923,6.079383641392821e-4
1.5836086077772016,0.05101605838914403,2.2095439202863254,0.39192147502047353,0.0011469989652754698
1.5961435903479824,0.04806614097615846,2.117857942210414,0.34860125644455137,0.0013730688338107633
1.6421771274782984,0.05064996696541984,2.076262090794598,0.23733267392056828,8.156818988837605e-4
1.596155596439648,0.05082752861491545,2.150560448580625,0.33608601639543473,0.0012003236290760915
1.6099919608729494,0.0496990749931108,2.182479591050819,0.2749420196421959,0.0017358897843276547
1.5809526427543217,0.05115451278200923,2.2877508249427665,0.3208692982918557,6.84443471510892e-4
1.611128487138343,0.04994807646088154,2.151257060049234,0.33024485478872323,7.684362334538469e-4
1.6010637698364878,0.05109768695577818,2.180933735206167,0.28214508207475775,0.0033158728192848527
1.601093042509344,0.04944870147153345,2.1983146863143515,0.3537664121869722,0.002336421619806092
1.6043590413331228,0.04991243721109236,2.0653796278600423,0.28248025301590973,0.0016026798494791308
1.6039920338915574,0.05037771506155421,2.209175178653046,0.293440520435788,0.0036484856657688918
1.5884589875059876,0.05125026741606976,2.216990780040039,0.34565366374258133,0.0026856876066816016
1.6219102384527515,0.04949064828164069,2.148133452979008,0.28193378205731207,0.0018602807127615733
1.5828645777601986,0.05228400533578736,2.2769360130830476,0.3222631988068695,0.0017640379317860535
1.6361028810525566,0.04843872636878833,2.075107066297491,0.2287053253923498,0.0018245470028222166
1.60621271536324,0.0467681113292157,2.281174760674296,0.3987006210709466,1.6595080948977048e-4
1.5880684404841845,0.05213969184743629,2.2837738824438314,0.3385045215757055,4.617088994282498e-5
1.6033179098797592,0.04925728901917766,2.1786740259495887,0.3645359338172697,0.0018474624934621954
1.5701874570554637,0.0477147640514826,2.336617272236335,0.4065038314185194,0.0012750144078798676
1.6065984697442035,0.05034070281787182,2.156035274735303,0.34910610196234104,3.530532258898165e-4
1.6114307819924991,0.05103955309846602,2.1780154700937957,0.2875685119890189,9.458755663448018e-5
1.5790277201586045,0.05215795380422499,2.2749443757306103,0.38077671809523284,0.0023744256180624943
1.5858348217369886,0.04870824143601702,2.2950377382248557,0.32929189352423466,7.846131979195115e-4
1.6115266410182778,0.04634719011470054,2.1150491683770447,0.3277406575320806,6.525687486158038e-4
1.6280885972014123,0.05128588516117326,2.1598571203518895,0.2411978603524955,0.002705002077711323
1.5935067214420364,0.04942992187810336,2.299111392214598,0.3708468535114916,0.003159989238347312
1.605836014001789,0.05019024542755457,2.3093880698996148,0.3128989835518201,5.828900131401167e-4
1.5921305306759854,0.04880463390225178,2.3492760662152303,0.34311240310842794,0.0019147162813554202
1.5780768120224675,0.05046536024603251,2.2010407597158106,0.3788739808695585,0.0019426417627905386
1.5598872329878313,0.05282179255050564,2.401946812764963,0.39627189443455463,0.001114089623892692
1.6208425803887718,0.0493326312266482,2.219117080268123,0.2756854320556889,0.0011441045013605429
1.6265334025660898,0.05115433051049221,2.1273660424513627,0.2611528735097252,6.224388986188608e-4
1.5771841205668422,0.04971733483060921,2.1658232102021255,0.36351885831442515,0.001851592092242282
1.6507203802259207,0.04870070049031976,2.024365996082908,0.23947694129289,7.935124391505214e-4
1.5778695734846786,0.0499288656526764,2.3507029904059236,0.36099338639928513,8.89195790539386e-4
1.5830595476625349,0.04777527637035049,2.25147061489619,0.38267734227030187,0.0027653856214071393
1.584331223220139,0.05055245721908549,2.323626816464798,0.4214396195515273,8.614961953087964e-4
1.596686658519773,0.04960292505825146,2.361956626320527,0.37920696395423675,8.84803796059076e-4
1.5771563337843504,0.0498585786402552,2.295904852808543,0.41418306812686834,0.0017065417611977246
1.630918228501677,0.05015948524070635,2.135302079756293,0.24952834234954654,3.4583219653048597e-4
1.5640822630404214,0.04982480685945217,2.2395442009613657,0.33720192373658503,3.16922539527044e-4
1.6241615558289535,0.05238639968404483,2.1323353444869824,0.25929422443487304,0.0016328264545491951
1.59755294919598,0.04744573141274708,2.1792828063655523,0.349606103237519,6.341112481905095e-5
1.5724884977700258,0.04958675138714838,2.270410742621673,0.3981800823631361,0.0012957637703369875
1.599768411113798,0.04984291903447869,2.216686087555629,0.3806183478564073,0.001128580845252234
1.61007559463478,0.04769060147174682,2.1246425449580384,0.314317699503422,6.67234141737492e-4
1.6007596457675075,0.0498448986743642,2.1086036343074888,0.3047880069748964,7.940187079331776e-4
1.6075624750868855,0.05029785321914521,2.2836428867572787,0.29698611021568744,0.0016446596684549075
1.5906583341779912,0.0505985971583592,2.2652493470371446,0.3424820304236154,0.0035574465617534447
1.5983698782221858,0.05108714257758694,2.073198858629708,0.2936654215591161,4.4769728762342187e-4
1.5949706624091669,0.04821729564217055,2.1211408907569247,0.3063114594929397,8.590053932041518e-4
1.6104592959679267,0.04956932645547914,2.254298364608739,0.3091810757105686,0.0023252971230883954
1.6060288844074175,0.04779418505909774,2.2147407470521308,0.40821003304650194,2.5960079066050107e-4
1.6480064570595006,0.04900480191829564,2.0171954724602363,0.20668677249616116,6.676882790906604e-4
1.610833025482573,0.04867411966934091,2.1944364893975097,0.33483642488595017,7.665191773755276e-4
1.60801428189942,0.05133368948753397,2.139759756304041,0.3066304009775727,3.44305854610158e-4
1.5677995311616495,0.04952484716678208,2.11840869284057,0.3632410558468068,8.793526739390642e-4
1.653268753803734,0.04674988374423093,2.0528831044731457,0.26663516983731,3.8107135984229834e-4
1.5828431813759312,0.04904149357369859,2.240029979382508,0.33947890346874515,0.0011353838500691028
1.6395020626682748,0.04970709975321612,2.0693229430632614,0.24923849864987443,0.0012927655168586557
1.5896433959636342,0.0505214794784865,2.266716691659408,0.30219830841482026,0.003208562509929768
1.5714976947564323,0.05028798249066841,2.0803500569470206,0.3428378042176443,2.618322758482232e-4
1.6044802050699822,0.05098013795405084,2.2137778864113207,0.2576398503773252,8.855966553911969e-4
1.5709366560850389,0.05114874267264356,2.3172170393844267,0.37027514793557464,0.003099433269947142
1.586467178682361,0.04849491875006212,2.1312228050418884,0.37276386729277666,3.05432918660544e-5
1.6143996848641335,0.05138990665089157,2.1497445679361786,0.25427882716479006,7.512683024581842e-4
1.6253618890421624,0.05092722277854335,2.0708518562446026,0.20597487162494266,4.1026688793387975e-4
1.6033378686040585,0.05106507163952469,2.25891852469011,0.3492151068444638,0.0011340057360421445
1.5973833254886605,0.0512404920458695,2.257230644549617,0.3029328361560045,0.0019204351043024754
1.6195888652659876,0.04883053971422971,2.2096025644898885,0.2798637246446029,0.0015742437207008765
1.6311849602824784,0.04851959059530834,2.068866963713384,0.28035965644287514,5.428138308655646e-4
1.588716012614717,0.05145153523846939,2.184078111316984,0.35421297756846165,0.0015189536901877821
1.5970193063942373,0.05090777338182874,2.23210863250691,0.37172151404497167,0.0017480350104033392
1.5795699964757155,0.05042816435566318,2.2263253696361223,0.3987800546869302,7.515202429973595e-4
1.6099553256120762,0.04857537086838432,2.22548028736485,0.3395043784121243,0.002941851777721262
1.6607935792017017,0.04713709528280395,1.93421465938748,0.21642485285318858,3.1010812679977106e-4
1.5893071261759857,0.04876616624630398,2.2624538395314087,0.38693580763978785,0.0022320242210223406
1.5637806087943644,0.04835869464511405,2.4096282946754957,0.4304898905996453,0.001062979181360295
1.5467371785668638,0.04893138759831138,2.4426090116374417,0.468813715863559,4.198373850333587e-4
1.6328909703670436,0.05058223979207108,2.123962551136603,0.2453518471532979,0.002080440009304771
1.6095711512449815,0.04944417694452599,2.1864856081705453,0.32780559121696784,0.002722967443217908
1.6333143314768326,0.0502857954970267,2.0808679655766276,0.22717190242230972,0.0025022256908945354
1.5958776707217064,0.04963536087551554,2.0844989686056206,0.2939577449463287,5.936443810063542e-4
1.6269014289083985,0.05118505910571735,2.126285172777037,0.2895056298828549,1.6029549629249795e-4
1.620364993232031,0.04884918534010793,2.1840787117352365,0.2671209762486923,4.4195687394442347e-4
1.5699146974823148,0.0509077233914454,2.2723177563823547,0.37686177509181357,1.7727611982229187e-4
1.6020931512369436,0.05124631067182387,2.086414760807511,0.24441274028528662,0.001491203727295534
1.5812931706243838,0.05021023240740344,2.2299553417696774,0.36020010917144146,8.185964269039063e-4
1.6104375500359462,0.04831778059706925,2.1758940343790205,0.32439103094031557,1.297847201894555e-4
1.63262695226088,0.05163176282839431,2.088981817815485,0.20850629257340267,7.40407745200593e-4
1.595309198291137,0.0488738198155714,2.3015159114005623,0.3362809015217203,0.004473638283528003
1.580680118805125,0.04991440523796635,2.2769797987253604,0.3388643135880786,0.001990598480734312
1.5780931220807517,0.05100753245561954,2.304796380410774,0.39921649986532765,2.294081486723405e-4
1.624905595845245,0.04946386189922409,2.1828140699452314,0.2879634590946569,0.0015507625509535976
1.613946091717414,0.0505973051167095,2.1651309165539514,0.2586703918424645,8.313786371184032e-4
1.594432975681724,0.05014045116112288,2.1410178497726897,0.31206138951186374,7.325485394451504e-4
1.573688782694165,0.04995501725442364,2.318455069796832,0.3587691867113358,7.466013166216058e-5
1.5972148608072654,0.0491331000532219,2.241548046411066,0.3490799764634889,0.0030497563429960134
1.6182864677870026,0.04929405205701646,2.2384319714255874,0.28012908321430635,0.002908833142575855
1.551484826120622,0.05104536231664183,2.3479765792376335,0.410016957074665,3.130820048141427e-5
1.58760432790494,0.05038121238918909,2.194876445093289,0.34830538219083124,9.556502178656952e-4
1.6568705673552386,0.04909801604837549,2.0928587547195923,0.22999094899388836,1.8997368768846598e-4
1.6205216290412003,0.04933904082279677,2.0209493291351506,0.2549602700326891,7.237216546437764e-4
1.56886884038653,0.05280759232839584,2.2030143806570983,0.33273551743072227,3.8532181178899404e-4
1.6167435433642905,0.0483673997215076,2.0484797091625944,0.2767545110784605,0.001723805591574173
1.5858799966738304,0.04979934343455169,2.2853726641410317,0.4183711819872982,3.8523696887505897e-4
1.5976520227354258,0.04900233309044563,2.188779756664288,0.2974849668288484,9.365285306898791e-4
1.5792734285942052,0.05024385999528995,2.2193625436996887,0.36504131259834177,0.002229117571914376
1.654660108582491,0.04860183654562416,1.99839846504414,0.17986086109009697,1.1332247995434868e-4
1.6081603648831848,0.04984161844783861,2.138266618539943,0.3055527544748543,9.335823504803688e-4
1.6272129597018097,0.04878775099902788,2.0872150511878877,0.25431797300783826,0.001326936474922076
1.5925673662359583,0.05002509252791837,2.2313315316914686,0.36836581670552637,7.201294092480963e-5
1.6068363245163744,0.05115296666022407,2.224365451455501,0.2890094013615962,9.387473768058849e-4
1.598728758272423,0.04923266847485781,2.197880930389776,0.35913179835137143,0.0032640800144661665
1.6249467839659817,0.0476345307965085,2.2375143652006293,0.2925542656930012,0.001108404082733778
1.5867039104802905,0.05162252651096364,2.207971835115093,0.3537230940005638,7.890530669424439e-5
1.5992644242054357,0.05026501404561145,2.1509094986527764,0.3206711538611997,0.001634781783457165
1.5883723026592993,0.05002501436792207,2.3678624594150963,0.3485284934330228,0.0036221463158420016
1.5678418777440963,0.05080418944939593,2.4753356717923927,0.38245274247404437,5.174472404893439e-4
1.587519298504797,0.04923152086735263,2.1249329801127295,0.3630976839253629,9.563749419727518e-4
1.638467801226993,0.04777815868116288,2.0944405305710916,0.2542938647947754,0.001613930226750608
1.6027660225800342,0.05046197496328122,2.1195701016397637,0.3036564973368487,1.9646792551625896e-4
1.589039353445774,0.05139890846889117,2.10645203667596,0.3213048845950963,0.0012363970398040626
1.6171462039216435,0.04892966044605399,2.242976468432985,0.3178430570884981,0.0010332486046659417
1.6028461757787154,0.05091427750574919,2.187128499642217,0.3466549120486256,0.001030186664359642
1.5882789077375656,0.05049138573737928,2.2168767187232366,0.36294399835082597,7.66161563815193e-4
1.5975548296719193,0.05006812950844991,2.29194767059159,0.333706851422011,0.0016172977470989235
1.6031532953823084,0.04984851387776793,2.1723686741597406,0.3334000308537316,0.0014996151915262833
1.546620045634377,0.05075674271422838,2.389527366813656,0.4266706608036547,0.0011934609498590032
1.6338611679031143,0.04988346968592855,2.063630587459036,0.250144774106519,2.2780423006229654e-6
1.59643974250853,0.05041163034287675,2.288075689720814,0.29754098920348526,0.0025704720087283794
1.5830854771356089,0.04935537842720934,2.163988263887319,0.3320527627809081,0.0025187331785154303
1.6165704771616791,0.05072296048292749,2.11615731480904,0.3104302153859488,1.69875056302872e-4
1.560401692443103,0.05084771275821144,2.4300881712945395,0.3635537319018416,0.0024261026416295076
1.5934348300191938,0.04917594659240708,2.2867351649158882,0.35228532822557884,0.0027071858092816846
1.6199933762684695,0.04952067990686527,2.1332103259048494,0.2762823551043076,0.0021543327221282523
1.5815604497685098,0.05078684878698812,2.1323185443773673,0.31522594929693754,3.2295714465251687e-4
1.5885524781238385,0.05097921397577413,2.2728485010569415,0.3299334695560401,9.534943645691673e-4
1.5921148396940044,0.05089561375503726,2.3504796311328464,0.3370044387938862,0.0012095099996324756
1.6122566927590776,0.05064900901265442,2.256423522697006,0.3406615277732085,4.929865184535354e-4
1.6343257328972645,0.05075752020904069,2.1402793545287127,0.23341272015804285,0.001461860830949793
1.5751387480493533,0.04877347172665071,2.3228181015242986,0.3640803493230704,0.0012615195448097763
1.554689498883154,0.05283959247560272,2.434288611460954,0.4010795448645184,0.003120584765313581
1.6350852576290074,0.04905932373524994,2.0596879147575233,0.2707572313599167,8.886252636636153e-5
1.6041236783831865,0.04785316746432989,2.129547794341662,0.3277672844520496,0.0010795329515069566
1.5790277201586045,0.05215795380422499,2.343023526254253,0.33532523170666295,0.0020443267844234276
1.626876614253263,0.04753453544720808,2.149028557071648,0.3073528834435615,0.0012387578491387086
1.6227349222204968,0.04850374058928864,2.0957784649002704,0.3092144061578631,0.0017941678571758504
1.572459241218629,0.05169787286510455,2.3116198059549458,0.40791830202950957,0.0015251586470686471
1.6067679188252515,0.04929877316579441,2.2233900564462044,0.3070969312853701,0.0031863691566633855
1.6000287604477152,0.04932127815267604,2.309071599664398,0.33650442481653164,0.0036695636608867635
1.575351137756946,0.04832205909749046,2.249128473475328,0.39543112054040847,0.0016467974252466306
1.598754938451031,0.05158205771679756,2.299758707279017,0.3419631266296692,0.0032637842243706445
1.5800750596312263,0.0521774161649163,2.3360002796802313,0.340950724033536,9.475434303567328e-4
1.5882622623588427,0.0492238804515021,2.3945284106128417,0.3806939748190498,0.0017527587536170556
1.5625692765496582,0.05163551649420224,2.374982596275993,0.39375639990004535,0.003250558540084234
1.605881531290836,0.050707239810313,2.2526166310322022,0.30525832721042667,0.0026003675761588785
1.6191904208992909,0.0504574907390961,2.0662190655486827,0.2707925162406861,2.3293982061297724e-4
1.607177917303684,0.04876542244842507,2.059537753864377,0.2979212737046485,0.0012542906081724166
1.595484234075272,0.04866380194677502,2.223478759100826,0.3886453934025589,0.0012790857870668404
1.64726830596367,0.04914977639996207,2.0728461855830815,0.250031681127236,0.0019014884367860505
1.5858695234457585,0.05083401584916804,2.242417734074325,0.35087990433620925,7.624967421697616e-4
1.6006381268226204,0.04920177764204197,2.277775186511594,0.33691546367284686,0.0012771877351307093
1.5968252751435037,0.04872170005978735,2.2683671209782106,0.3325719386382358,0.004479408746970742
1.6040115508634212,0.05065747898571953,2.185514836367278,0.2954633968923891,0.00252757363266799
1.603445663865798,0.04962890482025787,2.179948476111661,0.34239396982828235,0.0031499332865848853
1.6190330252153762,0.04831932835131922,2.1448463917832914,0.28240134395053046,2.2484359638908448e-4
1.6147352113260722,0.05034197056728964,2.1892696211284206,0.29305521910660465,8.278683341874946e-4
1.5846396332510748,0.0521274895562692,2.210870434822685,0.34066527890311676,0.0012029500525572317
1.5610371185711351,0.05232315059697962,2.3476986563063584,0.4035060675610138,0.002451936875923204
1.5621412184301076,0.05003359114036313,2.263452434665377,0.39438676580292636,7.36459878735618e-4
1.5906297175155495,0.04916020840349411,2.1273868038232773,0.32738645905518043,5.8921607986257036e-5
1.63465915565973,0.04893579358084739,2.073569112326601,0.23729729560714544,1.7968226458791366e-4
1.616876164650137,0.04861945725498813,2.2379329100639063,0.31837269855738803,2.473115045172014e-4
1.6070631488063791,0.04962847918116588,2.2039582335075503,0.3138564021255192,0.0026622325599070383
1.5545262592340638,0.05027531537413893,2.4005348004691256,0.41515433486899805,4.6329655256459535e-4
1.5860565446129025,0.04991912277585939,2.2606588067304427,0.3725485474828561,4.4334293362267786e-4
1.5679938136121452,0.05057424842805636,2.358786197582331,0.3964658741078731,0.0026279140357666052
1.6307628116976538,0.04946137334051807,2.030620103548352,0.2639763501549594,4.644289356010297e-4
1.5713405789257535,0.05022683626349807,2.423717057976606,0.41501867571018736,0.0010551198928002241
1.6245741931639457,0.04957620703033486,2.0173708367896506,0.2492381537806924,5.282634417610884e-5
1.5868511534127632,0.05257854767993776,2.2844895985469633,0.3304724226163761,0.0024231971015730696
1.5946652349144277,0.04868148675445909,2.1949595657287904,0.39425654272758903,3.897813935572151e-4
1.5860340345849988,0.05116651653660405,2.1669763068724794,0.3384038807494254,0.0017244246585709712
1.6092633786046489,0.05059774186674139,2.2290629300221294,0.26849510002672283,6.702427409046573e-4
1.5898659337681464,0.04965795538837432,2.2402051694870213,0.3618944939265934,0.0018718682091620805
1.5668332296086644,0.04926808489202058,2.339248814925281,0.40649409338783365,0.0028277448066536307
1.60598840805549,0.0495107151064025,2.174180767039714,0.31912627732649346,0.0021925879137596597
1.6026797984494148,0.05174990076987484,2.2006981144094206,0.2990887817476832,0.0018851793683899555
1.595958209336329,0.05022009462141132,2.2191140159335356,0.3197498330748776,9.504195507598487e-4
1.5942624222409991,0.05012415093161044,2.1800209935295407,0.3717480436549326,3.48116195835025e-4
1.6177106940633137,0.05028313342589638,2.1995434753393677,0.2837423888465527,0.0018391142681709277
1.6218078995892458,0.05006988155912126,2.130419443951945,0.25335613379663363,0.0022819065378098012
1.5667601511898863,0.05296189846708162,2.277333382353759,0.3642357500514506,2.9881565615104096e-4
1.568636957385371,0.04981648322059924,2.1446391342294944,0.3814304141708984,0.001572458540895944
1.573147713954042,0.05245302478266923,2.2280374166205017,0.3577320516206545,6.932218005987007e-5
1.5868697527337694,0.04759987588494667,2.2719778535730013,0.42377008217776924,0.0019408838742375955
1.5910550259216922,0.04932894120866989,2.227702610639353,0.36842327556956045,0.0029602664199967683
1.6061733769649331,0.05079045064347737,2.085089651377393,0.2648094670035263,9.790373921464682e-4
1.6098273922261173,0.05073693773817936,2.260686065071674,0.33301132934929173,0.0015836154853035805
1.6385657962580964,0.04873416289384755,2.077920782455314,0.25624656206201196,3.3412080040078323e-4
1.591402167884829,0.05113214003312277,2.258172965831556,0.3994429823843336,1.3903778846279072e-4
1.6419799121670475,0.04863742540529116,2.0173589575384634,0.2701645860643898,3.6474310353045396e-4
1.5926768101050843,0.04946822309510908,2.294004159530667,0.3690916679598632,0.00324096030359316
1.5454756840621406,0.05128117685992112,2.4731899003402087,0.39781485899820634,6.604779865307572e-4
1.5623374594866852,0.04760117722889811,2.339265436527491,0.44362355493381495,0.0019744245308913532
1.5964081596239434,0.04936011024686904,2.2476780483644094,0.3838515062293489,0.0024055856439867507
1.6265128807597748,0.04928672719809096,2.0890579360048034,0.2824698961618118,0.0014877986000800367
1.573147713954042,0.05245302478266923,2.3453116838662558,0.3813535418086068,0.0036187958247692496
1.5873521673188111,0.05185329067794313,2.2170034165295776,0.3549230605785669,4.239496143169742e-4
1.5893370947416336,0.04918509640542801,2.221403872403214,0.39739040681294036,4.995404698603523e-4
1.593212154731765,0.04903812915140822,2.3003048092785328,0.3814261343022685,0.0018505180550232405
1.5558428970599976,0.05098885663888203,2.3583816418259196,0.42752564449194175,0.0012230452098554957
1.6081079640969762,0.04946725010521801,2.1829164493290687,0.3300513420605892,0.00208151635895646
1.5352042297388582,0.05351369213782062,2.4267668117154604,0.4329796978033853,0.0010350964266927542
1.57636176380198,0.04903782183594562,2.329936760771188,0.3993912531329913,7.403883886993836e-4
1.6015706514554424,0.04959082733946686,2.2549988744201936,0.32351763102519093,0.0034122402631060447
1.5893489623928778,0.04949668739722222,2.279416588011729,0.3875805889884598,0.0028691999372811175
1.6063241463407494,0.05101374344585841,2.145637711312053,0.28249497465347806,0.002970127489174135
1.5958386774200173,0.04933112572616626,2.179333820701606,0.3628304003430734,0.0027682996064924987
1.561407114260141,0.04921724093168669,2.3625246633545873,0.4246347655795807,0.0031413697826232615
1.603089111477654,0.05207382392319037,2.1900704652239655,0.28194921951859725,0.0012404580677342306
1.5759140498034536,0.04867460886731067,2.2778242678070595,0.4208781084731385,0.0013712524623370446
1.61294660191605,0.0492550800665106,2.2295133401204703,0.27769647995699215,0.002508741850806387
1.5762967963061876,0.04994588549050543,2.2479608106300875,0.35592741366646946,0.0013227082460789445
1.551082724913594,0.05018110018596389,2.0600012053902836,0.28082742400805627,9.160597515351136e-4
1.5826336440018691,0.05001300704544333,2.216348828634129,0.3421127251995292,2.132893906173684e-4
1.5625692765496582,0.05163551649420224,2.222958457899373,0.3685457316810301,0.0011081680257089143
1.595812927533671,0.05167050906367862,2.344348770580749,0.32242235299854755,5.568465193160732e-4
1.559828741748012,0.05014937354997381,2.393224784471194,0.44568147795451385,5.241147043201978e-4
1.6029255960058928,0.04885373200759559,2.183260614160107,0.34854050689096616,1.3031151990241846e-4
1.5856644721598077,0.0483779718925522,2.1885414498208524,0.3411513502696517,7.376086026670838e-4
1.574495659542556,0.04920387941268116,2.377567242560143,0.3413675847765635,5.479941476587247e-4
1.6131590076484457,0.04977716475572572,2.2689015023752304,0.30715891854389066,5.050378713482469e-4
1.6178203146237249,0.04910897760076424,2.145685867887443,0.30738058303307847,0.0023544177792191668
1.5725980649477396,0.05016702884151745,2.261260426414862,0.33454160886499845,0.0010388268914947253
1.580940841293717,0.04992421311486544,2.312321357904415,0.3613207271449197,0.003289655599906168
1.6037003241558443,0.04922632570583755,2.164228597100684,0.3679779149675038,5.225614322728015e-5
1.5960721921351977,0.04827776733168718,2.1490262730418324,0.3516384765597075,0.002853195319192974
1.5946064562904103,0.0492625719596389,2.113006252903286,0.32350815612683076,0.0011268095482131798
1.60071706684835,0.04855508474696659,2.2268079558390426,0.37618443120132167,0.0015496469124029375
1.6228347334387034,0.05004939049141045,2.156699386148764,0.24163216099553939,1.951782757815991e-4
1.587391241995679,0.05054463577743301,2.2232984108751204,0.31860153457880497,0.0027471377228425135
1.5903271049247836,0.05058171484440692,2.273074743455375,0.3541707266692384,0.004040841552298743
1.6414526802815887,0.05136402112361615,2.0728877935549685,0.19015258321695502,1.2606240023126837e-4
1.5729554769647007,0.04986894568788797,2.3343723510348138,0.43829404216725526,9.625111094948258e-4
1.5717600838036343,0.04916006994623529,2.339417365139595,0.45317100992038134,5.888719310655899e-4
1.5602803314091993,0.05142059215207899,2.2965020399711316,0.4200474014759674,0.0016229215961675978
1.6070631488063791,0.04962847918116588,2.2036635219843332,0.31480170503945304,7.202013150626023e-4
1.632240469871271,0.05024078714107984,2.0770484529457596,0.2374965931775064,3.704896720009974e-4
1.584842033327167,0.04991274751473613,2.318597223041916,0.4003748272989017,3.3031218688874973e-4
1.5931715840052518,0.05126267050009184,2.1781828949129878,0.30534047357022187,4.9021189003120755e-5
1.5846412351876316,0.04892565963837601,2.3082973014470998,0.4168720810163853,0.002523597522741633
1.6176867812560796,0.04870001765139298,2.0926209067226362,0.28041672735595424,0.0022526532318385166
1.571633728080245,0.05007338125097228,2.1629335721555747,0.3980460595257505,4.872100004474918e-4
1.6022772485993635,0.04873103895514693,2.2680704151232125,0.32453679813816294,9.553776792622961e-5
1.579883082286452,0.04735213045510453,2.2396423027682735,0.3763459129945231,5.871765413206289e-4
1.627243680319433,0.04920193095585201,2.2229068274406676,0.2817459177731958,3.8229018733589796e-4
1.6073848683707403,0.04856002171040707,2.227978035545907,0.33287668941527326,0.004280096383726842
1.6069959148003852,0.05111750152593474,2.1224699168249956,0.31645900570940994,9.85477445231744e-4
1.5983144890529966,0.04936814813050776,2.1958667866316213,0.3738968447585443,8.107651042182801e-4
1.6057551027729735,0.05048855788818073,2.2323079277462057,0.3242587220613237,2.8237173899596805e-4
1.6093496578749995,0.04951793330453192,2.2091734548851365,0.3544045576011219,0.0017831603139483161
1.6152428021431398,0.04924563271811563,2.3012150635724375,0.3014882001900612,4.1626839641241035e-4
1.5956497924103354,0.04920858081054716,2.213205799730382,0.343361217335861,0.003232285046065839
1.6307081983764464,0.04880217092252167,2.0988842370625744,0.3030861502897625,0.0019709257480000557
1.6173104571676746,0.04966548678806741,2.1706448820256288,0.3422730334772363,2.641637217820713e-4
1.5682678292536374,0.04856036388251049,2.333883458412186,0.4060674697982137,0.0025565947774549382
1.5897565615031486,0.05153608691390402,2.280741783884858,0.3537235815517156,0.003639795263259205
1.5746051424786691,0.04995069121492745,2.391995890878611,0.3761744889700149,0.0021273870727982233
1.5771022161333412,0.04974018841423452,2.089881630272555,0.3123983790038272,8.645593267119618e-4
1.5914705504447315,0.04904391779818912,2.2286306076706808,0.3078435107049141,3.493825546971791e-4
1.6166295968874396,0.05014100962342359,2.220081987790939,0.292117142174433,0.0012629334975009776
1.6000302506140418,0.05180295870389898,2.226715086633697,0.27306140952011965,0.0034635521385666104
1.6158167566567812,0.04973823551708186,2.171443778933147,0.2804552384008512,0.002658812550858266
1.5910550259216922,0.04932894120866989,2.2079572255855235,0.33318324750569994,0.0012950786807268033
1.621623978163221,0.04888354114537951,2.1206425503991095,0.2630270029774272,0.002194811689429329
1.6033923138573392,0.04828634567088716,2.150456808430167,0.30638611165381735,0.0020768460826212794
1.5778695734846786,0.0499288656526764,2.280128261247298,0.38170771426118827,0.0011335900863064321
1.5568996660442271,0.05218551589299213,2.417668684372022,0.37513187892066563,5.321754455690616e-4
1.6137935194084967,0.05146692647329848,2.140812518331933,0.31194611666999855,3.3152108144767526e-6
1.5839226192879898,0.04845845494528948,2.2528074830082025,0.34542928898720643,0.0025807892141459948
1.568493488381946,0.05075664121164321,2.339180041585081,0.4323021730618202,4.913913494438005e-4
1.6222973385375676,0.04992626260716035,2.198218377190288,0.2772297820732866,0.0016766808946068333
1.6070698358901647,0.04834077376781059,2.1651651315192098,0.32822130628796753,0.0017735270011194908
1.550998486177937,0.05220163488393638,2.4440016228848513,0.4438586903954783,9.351352302361296e-5
1.6154691585293248,0.05062319363061046,2.0878468856903343,0.26005242725609395,5.373336486376508e-4
1.582347599631392,0.04759144031522729,2.322594253505448,0.41275480590629776,5.414049799076665e-4
1.6114796131595974,0.0506703271476806,2.2621289183783917,0.28878244408622994,0.001930764480505597
1.5503008066400374,0.05002721587482873,2.367570280100004,0.41443800316315854,0.001658188560435261
1.610162203706685,0.05039788395464279,2.158173637529348,0.33536720754690225,0.0012130790671595628
1.5809388213932656,0.04961979967976174,2.3519335087430457,0.35838338078383825,0.0022045943244030945
1.5920544553361065,0.04949198834700627,2.2719585754216487,0.3817122223932172,0.0036862122050752917
1.655973500091087,0.04772154538397578,2.064135458050984,0.2216585128533158,4.905202917524989e-5
1.6276019596556783,0.05021959385237867,2.256092352716155,0.27919096388042014,5.228558938112184e-4
1.6195077432283853,0.04996379012791861,2.1750260831638077,0.2564719273334163,0.002055151195719331
1.609611632648552,0.05060749273332925,2.2666466850406097,0.29452507014987633,7.709678146224208e-4
1.6034370109389282,0.05227761458262303,2.2473352360337593,0.31197472476808813,0.0024354907722910213
1.62407483795247,0.05114490510607929,2.0782591923495497,0.23847175255883762,6.803395143448929e-4
1.6198165453950055,0.04784779345828439,2.132693183549849,0.33875842741868417,0.0021238492842195144
1.5747997730692145,0.05201311845590301,2.1996387496693433,0.3324680413147749,3.41955157153411e-4
1.5961390525849857,0.04916339532169696,2.2258638219303624,0.31959875580639974,0.001919091097506496
1.6101678607926744,0.04945178945674643,2.1951148399281104,0.2943430808848071,4.57959021490955e-4
1.5863401846624667,0.04880845416743253,2.280352476495335,0.41272786754707996,0.0025468036099484167
1.565734621325956,0.04853535189174414,2.3907805385529466,0.415031511568609,0.002077523054681823
1.5706485132021228,0.05019214308857784,2.2487306618185396,0.38097353954683383,5.77615989210153e-4
1.6220296997576509,0.05041171763936484,2.129671095510972,0.3074073760955958,0.001503166877218137
1.627159302085359,0.04752618330524653,1.9603662659646908,0.2778021569334925,2.941377400291837e-4
1.6138539884898446,0.04944000741298123,2.1801545166896847,0.2535213438910416,4.0564382489271985e-4
1.572370683897416,0.04905028217841793,2.0744965088610257,0.34376653713556943,6.075253884826741e-4
1.562003304665766,0.04967360580681607,2.4252110008445777,0.4226679101995836,0.001757877596347182
1.5697869815080454,0.04942507241167208,2.4056844886847646,0.40492884727267053,0.0018411274416950377
1.6228811591462615,0.04700224238459098,2.200131325348972,0.27452071449574184,6.715209299254808e-4
1.5569465121927668,0.04921876532854443,2.4333421317333306,0.44561463946495267,9.56274072342588e-4
1.6507157730054494,0.04699518839030475,2.058240759599731,0.25345800271280716,0.0012574380753942126
1.6084191933148009,0.05097907699392499,2.1389200249345874,0.298019183728326,0.0010796142806682846
1.626738057920609,0.04939257666109855,2.0640943304266255,0.2982973552698154,7.119651662778647e-4
1.6033001255054595,0.04963301081568041,2.2584572081706624,0.29535275669271027,0.0015924019346986614
1.623454031403168,0.05066325985889423,2.1563850438521204,0.28096739485020344,6.207031813806421e-4
1.573424931901128,0.05002782217864054,2.3192596885792023,0.35573696630051216,0.0010561103283309617
1.5533479010856082,0.04928923003322726,2.4292947021630633,0.45959457980388735,3.218058718498779e-4
1.6234958400674753,0.05100022497588103,2.1841995605253515,0.26250886133746765,0.002225856079112708
1.5695182354904993,0.05015490843588151,2.363848551758226,0.43808751336362595,0.0012678679675812291
1.6177792865743024,0.04924453959968324,2.1949782933383304,0.3066445041667618,0.0045717879111035215
1.6164982087739992,0.0507930295825513,2.086935564219975,0.24833290921793533,7.866554322246728e-4
1.611362609528889,0.05129827665123822,2.1295045366718104,0.2843283595441624,3.4413716230787275e-5
1.580976305316843,0.05003548008991872,2.2981317151358396,0.3746672923023811,0.0027427707101653066
1.6196312094110623,0.04883603060084982,2.0147232937630495,0.25638158383537824,1.3319770138685177e-4
1.6177150367780853,0.04932957195467716,2.232180383904193,0.2652874732692386,0.0011647061243058336
1.567064138218944,0.05317577180076018,2.3462015558504095,0.4064658940671857,0.0016113576293281028
1.5924923334313104,0.05044189584950675,2.3635546712980005,0.3642135657079949,0.002332306011963573
1.5725532881302224,0.04915720188154654,2.1352984199601814,0.35268627917094,3.4470489430287973e-4
1.6042575425753864,0.0498086388859321,2.211626287140996,0.3018240585424841,4.3963724976265196e-4
1.6237885292039227,0.05036783580073636,2.1321802911636234,0.21605885447809434,8.751912970779765e-4
1.627054519665031,0.04952997513886978,2.1076862757725348,0.29389074231340845,0.0016281084601118333
1.601334714388615,0.0506972865884048,2.2181649522759717,0.31622493934870227,0.0021326589852347466
1.6052879031110452,0.04997910541592668,2.2664538607138076,0.2920449303902753,0.0029961775372716643
1.5778243301800412,0.04968997273125614,2.1956984548577174,0.3072814231359779,0.0011160648673707336
1.6253849422461892,0.04922082155355404,2.1606952068368837,0.2529441023586283,0.0011825897783707881
1.6097457165012692,0.05006247044106343,2.229158415721905,0.3585658067740955,0.001460312581806491
1.5957678301885452,0.05055709097196672,2.1035080028168633,0.27976079440467316,0.001003121336780417
1.6261201580786933,0.04798492729460366,2.0519096404454897,0.29033669790766625,8.79015514394122e-4
1.62012185085338,0.04970506253933302,2.1778295396592173,0.3114123202864348,0.0016178703965701625
1.5774992791120457,0.04851195770767486,2.291540222088377,0.39389270005971805,0.001829898172244785
1.5816031419298846,0.0488173127051578,2.240370095380882,0.3592314827481351,2.51076860648157e-4
1.566723922066248,0.04813078132135796,2.327115745538746,0.4637856133503054,8.744091647143353e-4
1.552196707613848,0.05059150842144054,2.4312473982231286,0.4019292081857597,1.889897289971709e-5
1.604867353291413,0.05103217192401612,2.247364566657639,0.31309841066812594,2.9204894580522233e-4
1.604227666200578,0.04760696383277311,2.288499528514453,0.36559179157385485,0.001868023217101825
1.600600675245962,0.0494962806386245,2.2257070289934755,0.3634304419455545,3.011479930851709e-4
1.611179749425328,0.05046395110736049,2.202217202077056,0.26724058595958244,0.0018581017234853817
1.6240057764433626,0.04826603851509741,2.2793612606904277,0.3054126627722478,6.600648745334135e-4
1.5802657199434482,0.04964542772099924,2.353023094367641,0.36490525909258426,0.0037014332126058492
1.5992291775285874,0.0503065868781736,2.1969380768174105,0.2804347402370262,0.0016321800772251998
1.5546135163395651,0.05014499498266873,2.3453558261117617,0.44024500073132095,5.735768397679207e-4
1.6364570769402402,0.05039564800226002,2.073096138713596,0.2415126075277211,0.0013129867487609269
1.575637163318088,0.04889732236194048,2.4458161596433925,0.4405198497981739,1.636288391379388e-4
1.599248690900447,0.04786850880240343,2.182144604680648,0.3250913070213818,4.224826163040716e-4
1.6283291234906747,0.04817661961956857,2.0844293099946367,0.2592393817805951,0.0016674799204110784
1.608380321220913,0.05025576289823658,2.138176254059721,0.29501354517942263,0.0025118493281643434
1.6189938098713426,0.04922861871619689,2.08015706259004,0.3155957221854381,5.177381552437585e-4
1.5959531905222648,0.04970803362796901,2.2265546955972844,0.36012570714294273,0.0027096556627637554
1.5910935143411822,0.05028146049169211,2.2177994008487345,0.31169122537855387,6.916327484456393e-4
1.6347166458200717,0.04867366347596701,2.036317024588353,0.2581392417686319,5.136196233341702e-4
1.5942876915782442,0.04840261633927405,2.1779907677494386,0.35366756717744574,2.1739324135762187e-4
1.5868511534127632,0.05257854767993776,2.1345446743931222,0.281575806992097,0.0022814108740275402
1.5925470646054212,0.04952352827504958,2.2028150417259504,0.3452951266931166,0.001633329540575066
1.6370908804632525,0.04845938388135108,2.118893419420914,0.2988145643513737,9.180364452469983e-4
1.5772847495270983,0.05157527326017584,2.3227857865218473,0.3177270789394359,0.0012386133512367278
1.636725398897635,0.04704816548796052,2.1158265360250104,0.2743291656101304,1.0929584218659542e-4
1.6211511272237802,0.0487489728826237,2.0962230819682266,0.30516417947639596,0.0018117244389429022
1.5943315602493162,0.05039747041145787,2.171051331166879,0.30908113289711836,0.0017511334456051491
1.5810600081909698,0.05222520380126327,2.2674024327634212,0.3484611096399952,0.002423516812866335
1.5590292297145587,0.05055673021252634,2.29108810544234,0.36851505836685733,0.0013080093355736478
1.6449470770268202,0.04992219083831996,2.0711263463917415,0.224525102461993,0.00114536611889472
1.6242545258781331,0.04985912646554166,2.1478156047500807,0.24944868713325968,0.001807618367046996
1.616707893382587,0.04963773871510063,2.1379681548219795,0.2811330607243394,0.0018787581401397487
1.5867528371061728,0.04955100478665631,2.3117676010362556,0.33429496961725813,0.0016640873166783325
1.5641827891014777,0.05168162888932186,2.422428538392032,0.38781875548441574,0.003306073782503149
1.6063241463407494,0.05101374344585841,2.2417915118772926,0.28756329730237856,6.693826855291877e-4
1.6050041650303095,0.05054321924101226,2.2759955894134234,0.3308166393908593,0.002190257180340013
1.637042232739428,0.04707751490364425,2.1521722956749696,0.26808898074565096,0.0030200496033193393
1.590488318422332,0.04914505636993272,2.249145383396616,0.3846420555687152,6.668140026183826e-5
1.627243680319433,0.04920193095585201,2.1427905802294096,0.2715916366022223,0.0016591885890065695
1.6009875328455518,0.04995430826699825,2.251816673602272,0.33159757439480864,0.00372015387111797
1.5981817179208762,0.04992384327934059,2.042051080126356,0.2923997796257082,7.425237339098247e-5
1.5569542573331332,0.04943087935514456,2.216168409837005,0.4047646634828622,9.855947932205658e-4
1.6234137267246638,0.05148935800760668,2.1373095878795794,0.30330134845739254,2.545525539942277e-4
1.554369311128609,0.04793042306487111,2.3671290747794598,0.4585475307040435,6.624415156064138e-4
1.638740641759466,0.05176275786919571,2.1512279279387156,0.2526827721799852,2.1001169522055814e-4
1.6384170982309083,0.0509878118845728,2.0713392941161786,0.20991710545992573,4.6033128936864696e-5
1.5703757110866288,0.04970664450222833,2.3088958033014153,0.34328825247204786,1.2378782347113012e-5
1.5717629431695126,0.049813193143618,2.280526652864989,0.39733577682310833,0.00203991291614163
1.6137419608467476,0.05008984694654454,2.1598037484186365,0.3234544860724212,0.0010942604199515391
1.6139594417392795,0.05020657008055304,2.1923746429080673,0.318323957031477,0.004087231659137429
1.5859663847670022,0.05003938534940882,2.271451536490757,0.37136306434621685,0.0013449323034909718
1.6169447259076672,0.04954953397676717,2.1016003111005928,0.2919490471926937,0.0010585863806782479
1.5835591607335404,0.04996472459646367,2.1567182835057657,0.4070580086544122,2.7360285996973823e-4
1.5760101737368748,0.05062799860312773,2.357431933922499,0.38883949625998404,7.735622483843862e-4
1.6004254810648813,0.0515069881415552,2.274628812781367,0.29033081620312495,0.0014354958983040155
1.5997599073439883,0.05009360619710895,2.3390564351756744,0.3617535280628919,2.677751372023563e-4
1.6041236783831865,0.04785316746432989,2.1179871086958038,0.33637284397315503,0.001584695816167034
1.628238405308054,0.0506347128063867,2.0870208593963553,0.21633131093612096,5.767826230520363e-4
1.6113626695345893,0.04878871281208741,2.235800928151778,0.29547999619210363,0.0024346330858558357
1.5999358462287403,0.04998890486145951,2.140362346060287,0.2955834474983474,6.553975409965945e-4
1.6006415524986266,0.05044915669752763,2.31971493847714,0.3251742748437005,0.0015698544151176302
1.6095413424770086,0.05038637669152239,2.196600550263098,0.29255667308197064,3.369390162201961e-4
1.6049358266159708,0.04798389041922962,2.195099256666514,0.3838150483092548,0.002003717423933774
1.599602466583153,0.05062303120277783,2.1497196160657945,0.3390134721084728,0.001313989900843453
1.5869724427810783,0.04807446890346739,2.302359760125778,0.41201737223507273,0.0028427292674648805
1.5849708744682007,0.04961960029680658,2.3135506496780356,0.38137039312914095,0.002135006328409168
1.5652903507195972,0.04981499388194095,2.3078558763452404,0.4404566700287845,3.300078212214161e-4
1.6322406983145,0.05235748421267088,2.1385666684034836,0.25511089770184403,5.099021068547423e-4
1.6296960679378765,0.05023954732999209,2.1101286804553565,0.2798771885886687,0.0012569399245113161
1.5929818158570956,0.05034374664330695,2.095893806462477,0.294742911807685,5.307104049985284e-4
1.6110063630954663,0.05081885538709983,2.156952459036749,0.2919195481132175,9.911545596787811e-4
1.645062925396238,0.04812407294399679,2.054915999667265,0.22222177701485527,6.013000679039994e-4
1.5556783085717516,0.05233284956505388,2.5062643890751057,0.4020801918336585,0.001249669396327461
1.6156421305475548,0.04887345707310249,2.0138414389794073,0.2902269754194483,1.5706882727066317e-4
1.5938346156824492,0.05094889940599811,2.2780218784453803,0.31207231536348595,0.0034558664108229726
1.6083085793893797,0.04856950434637121,2.322702592296894,0.36188097407336883,9.136189023644833e-4
1.613112410758193,0.04672584401311141,2.0499537699738486,0.3071609769970935,8.797287877827859e-6
1.593341455429325,0.04906810479166131,2.3286892227422196,0.29740246874287263,9.58033608371136e-5
1.607469095413961,0.04800965736762566,2.156368406344299,0.29279882011750946,0.0042728494410454315
1.651097938640406,0.04849494639804298,2.00196924934434,0.1850888505986045,2.747567212327171e-4
1.583678964781555,0.05042396879748926,2.1804951846619702,0.3043894722734627,4.231604328946873e-5
1.5699565684236807,0.05067916566605968,2.412017138917418,0.38403892026286257,0.0035665188947361782
1.5483175727221954,0.05056834139008655,2.4884679977099746,0.4107190113572525,0.0017255730764898182
1.6131085649521233,0.04704154157037386,2.2047385296850783,0.34702894008671964,0.001567610405083257
1.640009680265464,0.04885321814221563,2.0248258128558634,0.25288675012153977,6.563744128395628e-4
1.594129611941354,0.05007895842566665,2.2109962446169633,0.33039675740314234,2.619114523051664e-4
1.6169119128499168,0.04930413907967655,2.2446723790645233,0.2985035989818579,0.0011895143324368873
1.6114188736134192,0.04817576217375625,2.093632865571592,0.32315248867841884,5.7472969134412926e-5
1.5827190553866597,0.04932432161040874,2.2450013920596246,0.33169579078912825,2.5272496943189626e-4
1.6014994088516592,0.05013659856305313,2.2488078650830956,0.35698716332500086,4.0897051764975914e-4
1.577066060601808,0.04890786850681673,2.2836969198131243,0.4078466758726197,6.324255674720446e-4
1.60455267705188,0.04899262331173046,2.1748033552747748,0.3341208779854406,0.002501557839909972
1.6093347472196478,0.04912295959388731,2.1018036696820817,0.3065176786104748,8.75381351550433e-4
1.6165528848703357,0.0487397726283616,2.227177792437915,0.2781291368556445,0.002153780649602338
1.5559857444361938,0.04918256566900044,2.3783635957817277,0.401825873229279,5.744196086010101e-4
1.5969636487428076,0.05077024369678138,2.274478576611686,0.2947812286078328,0.0025038832065472313
1.584713833239782,0.05133926208311459,2.3260918886713875,0.39541035523002904,0.0012967435013366581
