virus,vaccine_timing,vaccine_coverage,group,emergences,trials
1,-360,0,1,2,100000
2,-360,0,1,7136,100000
3,-360,0,1,4261,100000
4,-360,0,1,6368,100000
1,-330,0,1,2,100000
2,-330,0,1,7093,100000
3,-330,0,1,4265,100000
4,-330,0,1,6194,100000
1,-300,0,1,3,100000
2,-300,0,1,6964,100000
3,-300,0,1,4385,100000
4,-300,0,1,6170,100000
1,-270,0,1,6,100000
2,-270,0,1,7063,100000
3,-270,0,1,4463,100000
4,-270,0,1,6394,100000
1,-240,0,1,1,100000
2,-240,0,1,7000,100000
3,-240,0,1,4315,100000
4,-240,0,1,6412,100000
1,-210,0,1,4,100000
2,-210,0,1,7017,100000
3,-210,0,1,4280,100000
4,-210,0,1,6310,100000
1,-180,0,1,4,100000
2,-180,0,1,6929,100000
3,-180,0,1,4341,100000
4,-120,0.08333333333333333,10,6282,100000
1,-90,0.08333333333333333,10,1,100000
2,-90,0.08333333333333333,10,7006,100000
3,-90,0.08333333333333333,10,4091,100000
4,-90,0.08333333333333333,10,6219,100000
1,-60,0.08333333333333333,10,3,100000
2,-60,0.08333333333333333,10,6876,100000
3,-60,0.08333333333333333,10,4229,100000
4,-60,0.08333333333333333,10,6254,100000
1,-30,0.08333333333333333,10,1,100000
2,-30,0.08333333333333333,10,6746,100000
3,-30,0.08333333333333333,10,4093,100000
4,-30,0.08333333333333333,10,6092,100000
1,0,0.08333333333333333,10,2,100000
2,0,0.08333333333333333,10,6615,100000
3,0,0.08333333333333333,10,4106,100000
4,0,0.08333333333333333,10,6144,100000
1,30,0.08333333333333333,10,2,100000
2,30,0.08333333333333333,10,6988,100000
3,30,0.08333333333333333,10,4257,100000
4,30,0.08333333333333333,10,6013,100000
1,60,0.08333333333333333,10,2,100000
2,60,0.08333333333333333,10,6924,100000
3,60,0.08333333333333333,10,4129,100000
4,60,0.08333333333333333,10,6251,100000
1,90,0.08333333333333333,10,4,100000
2,90,0.08333333333333333,11,6880,100000
3,90,0.08333333333333333,11,4288,100000
4,90,0.08333333333333333,11,6461,100000
1,120,0.08333333333333333,11,2,100000
2,120,0.08333333333333333,11,6897,100000
3,120,0.08333333333333333,11,4183,100000
4,120,0.08333333333333333,11,6317,100000
1,150,0.08333333333333333,11,3,100000
2,150,0.08333333333333333,11,6999,100000
3,150,0.08333333333333333,11,4267,100000
4,150,0.08333333333333333,11,6260,100000
1,180,0.08333333333333333,11,3,100000
2,180,0.08333333333333333,11,7108,100000
3,180,0.08333333333333333,11,4325,100000
4,180,0.08333333333333333,11,6304,100000
1,210,0.08333333333333333,11,3,100000
2,210,0.08333333333333333,11,7137,100000
3,210,0.08333333333333333,11,4285,100000
4,210,0.08333333333333333,11,6379,100000
1,240,0.08333333333333333,11,7,100000
2,240,0.08333333333333333,11,7079,100000
3,240,0.08333333333333333,11,4388,100000
4,240,0.08333333333333333,11,6383,100000
1,270,0.08333333333333333,11,1,100000
2,270,0.08333333333333333,11,7002,100000
3,270,0.08333333333333333,11,4351,100000
4,270,0.08333333333333333,12,6352,100000
1,300,0.08333333333333333,12,4,100000
2,300,0.08333333333333333,12,7107,100000
3,300,0.08333333333333333,12,4272,100000
4,300,0.08333333333333333,12,6378,100000
1,330,0.08333333333333333,12,1,100000
2,330,0.08333333333333333,12,7159,100000
3,330,0.08333333333333333,12,4364,100000
4,330,0.08333333333333333,12,6378,100000
1,360,0.08333333333333333,12,0,100000
2,360,0.08333333333333333,12,7109,100000
3,360,0.08333333333333333,12,4315,100000
4,360,0.08333333333333333,12,6450,100000
1,-360,0.125,12,4,100000
2,-360,0.125,12,6971,100000
3,-360,0.125,12,4299,100000
4,-360,0.125,12,6202,100000
1,-330,0.125,12,3,100000
2,-330,0.125,12,7014,100000
3,-330,0.125,12,4320,100000
4,-330,0.125,12,6323,100000
1,-300,0.125,12,1,100000
2,-300,0.125,12,7074,100000
3,-300,0.125,12,4440,100000
4,-300,0.125,12,6415,100000
1,-270,0.125,12,1,100000
2,-270,0.125,13,6935,100000
3,-270,0.125,13,4333,100000
4,-270,0.125,13,6230,100000
1,-240,0.125,13,6,100000
2,-240,0.125,13,6979,100000
3,-240,0.125,13,4195,100000
4,-240,0.125,13,6262,100000
1,-210,0.125,13,4,100000
2,-210,0.125,13,6935,100000
3,-210,0.125,13,4298,100000
4,-210,0.125,13,6222,100000
1,-180,0.125,13,3,100000
2,-180,0.125,13,7058,100000
3,-180,0.125,13,4279,100000
4,-180,0.125,13,6294,100000
1,-150,0.125,13,3,100000
2,-150,0.125,13,6913,100000
3,-150,0.125,13,4222,100000
4,-150,0.125,13,6170,100000
1,-120,0.125,13,3,100000
2,-120,0.125,13,6818,100000
3,-120,0.125,13,4179,100000
4,-120,0.125,13,6179,100000
1,-90,0.125,13,3,100000
2,-90,0.125,13,6891,100000
3,-90,0.125,13,4229,100000
4,-90,0.125,14,6175,100000
1,-60,0.125,14,1,100000
2,-60,0.125,14,6796,100000
3,-60,0.125,14,4236,100000
4,-60,0.125,14,6235,100000
1,-30,0.125,14,1,100000
2,-30,0.125,14,6480,100000
3,-30,0.125,14,4090,100000
4,-30,0.125,14,6066,100000
1,0,0.125,14,4,100000
2,0,0.125,14,6559,100000
3,0,0.125,14,4121,100000
4,0,0.125,14,6003,100000
1,30,0.125,14,1,100000
2,30,0.125,14,6769,100000
3,30,0.125,14,4048,100000
4,30,0.125,14,6262,100000
1,60,0.125,14,2,100000
2,60,0.125,14,6777,100000
3,60,0.125,14,4243,100000
4,60,0.125,14,6295,100000
1,90,0.125,14,3,100000
2,90,0.125,14,6830,100000
3,90,0.125,14,4116,100000
4,90,0.125,14,6104,100000
1,120,0.125,14,1,100000
2,120,0.125,15,6977,100000
3,120,0.125,15,4250,100000
4,120,0.125,15,6134,100000
1,150,0.125,15,1,100000
2,150,0.125,15,6894,100000
3,150,0.125,15,4206,100000
4,150,0.125,15,6230,100000
1,180,0.125,15,3,100000
2,180,0.125,15,6984,100000
3,180,0.125,15,4252,100000
4,180,0.125,15,6346,100000
1,210,0.125,15,4,100000
2,210,0.125,15,7015,100000
3,210,0.125,15,4385,100000
4,210,0.125,15,6353,100000
1,240,0.125,15,1,100000
2,240,0.125,15,7043,100000
3,240,0.125,15,4270,100000
4,240,0.125,15,6366,100000
1,270,0.125,15,2,100000
2,270,0.125,15,7006,100000
3,270,0.125,15,4246,100000
4,270,0.125,15,6352,100000
1,300,0.125,15,4,100000
2,300,0.125,15,6986,100000
3,300,0.125,15,4341,100000
4,300,0.125,16,6403,100000
1,330,0.125,16,3,100000
2,330,0.125,16,6871,100000
3,330,0.125,16,4220,100000
4,330,0.125,16,6263,100000
1,360,0.125,16,1,100000
2,360,0.125,16,7062,100000
3,360,0.125,16,4248,100000
4,360,0.125,16,6185,100000
1,-360,0.16666666666666666,16,4,100000
2,-360,0.16666666666666666,16,7014,100000
3,-360,0.16666666666666666,16,4270,100000
4,-360,0.16666666666666666,16,6199,100000
1,-330,0.16666666666666666,16,3,100000
2,-330,0.16666666666666666,16,7118,100000
3,-330,0.16666666666666666,16,4307,100000
4,-330,0.16666666666666666,16,6414,100000
1,-300,0.16666666666666666,16,5,100000
2,-300,0.16666666666666666,16,7089,100000
3,-300,0.16666666666666666,16,4298,100000
4,-300,0.16666666666666666,16,6300,100000
1,-270,0.16666666666666666,16,1,100000
2,-270,0.16666666666666666,16,6946,100000
3,-270,0.16666666666666666,16,4231,100000
4,-270,0.16666666666666666,16,6276,100000
1,-240,0.16666666666666666,16,4,100000
2,-240,0.16666666666666666,17,6965,100000
3,-240,0.16666666666666666,17,4220,100000
4,-240,0.16666666666666666,17,6334,100000
1,-210,0.16666666666666666,17,1,100000
2,-210,0.16666666666666666,17,6962,100000
3,-210,0.16666666666666666,17,4114,100000
4,-210,0.16666666666666666,17,6260,100000
1,-180,0.16666666666666666,17,4,100000
2,-180,0.16666666666666666,17,6990,100000
3,-180,0.16666666666666666,17,4265,100000
4,-180,0.16666666666666666,17,6244,100000
1,-150,0.16666666666666666,17,4,100000
2,-150,0.16666666666666666,17,6841,100000
3,-150,0.16666666666666666,17,4377,100000
4,-150,0.16666666666666666,17,6354,100000
1,-120,0.16666666666666666,17,4,100000
2,-120,0.16666666666666666,17,6873,100000
3,-120,0.16666666666666666,17,4276,100000
4,-120,0.16666666666666666,17,6224,100000
1,-90,0.16666666666666666,17,0,100000
2,-90,0.16666666666666666,17,6667,100000
3,-90,0.16666666666666666,17,4125,100000
4,-90,0.16666666666666666,17,6053,100000
1,-60,0.16666666666666666,17,3,100000
2,-60,0.16666666666666666,17,6630,100000
3,-60,0.16666666666666666,17,4059,100000
4,-60,0.16666666666666666,18,6163,100000
1,-30,0.16666666666666666,18,4,100000
2,-30,0.16666666666666666,18,6341,100000
3,-30,0.16666666666666666,18,4025,100000
4,-30,0.16666666666666666,18,5836,100000
1,0,0.16666666666666666,18,3,100000
2,0,0.16666666666666666,18,6445,100000
3,0,0.16666666666666666,18,3962,100000
4,0,0.16666666666666666,18,6048,100000
1,30,0.16666666666666666,18,2,100000
2,30,0.16666666666666666,18,6581,100000
3,30,0.16666666666666666,18,4164,100000
4,30,0.16666666666666666,18,6015,100000
1,60,0.16666666666666666,18,0,100000
2,60,0.16666666666666666,18,6692,100000
3,60,0.16666666666666666,18,4166,100000
4,60,0.16666666666666666,18,6166,100000
1,90,0.16666666666666666,18,1,100000
2,90,0.16666666666666666,18,6714,100000
3,90,0.16666666666666666,18,4126,100000
4,90,0.16666666666666666,18,6120,100000
1,120,0.16666666666666666,18,0,100000
2,120,0.16666666666666666,18,6916,100000
3,120,0.16666666666666666,18,4212,100000
4,120,0.16666666666666666,18,6218,100000
1,150,0.16666666666666666,18,3,100000
2,150,0.16666666666666666,19,6965,100000
3,150,0.16666666666666666,19,4267,100000
4,150,0.16666666666666666,19,6307,100000
1,180,0.16666666666666666,19,3,100000
2,180,0.16666666666666666,19,6941,100000
3,180,0.16666666666666666,19,4322,100000
4,180,0.16666666666666666,19,6332,100000
1,210,0.16666666666666666,19,3,100000
2,210,0.16666666666666666,19,7015,100000
3,210,0.16666666666666666,19,4247,100000
4,210,0.16666666666666666,19,6359,100000
1,240,0.16666666666666666,19,4,100000
2,240,0.16666666666666666,19,6999,100000
3,240,0.16666666666666666,19,4232,100000
4,240,0.16666666666666666,19,6424,100000
1,270,0.16666666666666666,19,5,100000
2,270,0.16666666666666666,19,6957,100000
3,270,0.16666666666666666,19,4271,100000
4,270,0.16666666666666666,19,6392,100000
1,300,0.16666666666666666,19,4,100000
2,300,0.16666666666666666,19,7020,100000
3,300,0.16666666666666666,19,4298,100000
4,300,0.16666666666666666,19,6390,100000
1,330,0.16666666666666666,19,1,100000
2,330,0.16666666666666666,19,6984,100000
3,330,0.16666666666666666,19,4263,100000
4,-180,0,2,6300,100000
1,-150,0,2,2,100000
2,-150,0,2,7058,100000
3,-150,0,2,4304,100000
4,-150,0,2,6452,100000
1,-120,0,2,2,100000
2,-120,0,2,7077,100000
3,-120,0,2,4286,100000
4,-120,0,2,6299,100000
1,-90,0,2,1,100000
2,-90,0,2,7041,100000
3,-90,0,2,4346,100000
4,-90,0,2,6439,100000
1,-60,0,2,3,100000
2,-60,0,2,6999,100000
3,-60,0,2,4316,100000
4,-60,0,2,6409,100000
1,-30,0,2,4,100000
2,-30,0,2,7115,100000
3,-30,0,2,4272,100000
4,-30,0,2,6403,100000
1,0,0,2,1,100000
2,0,0,2,6928,100000
3,0,0,2,4361,100000
4,0,0,2,6358,100000
1,30,0,2,5,100000
4,330,0.16666666666666666,20,6121,100000
1,360,0.16666666666666666,20,2,100000
2,360,0.16666666666666666,20,7080,100000
3,360,0.16666666666666666,20,4294,100000
4,360,0.16666666666666666,20,6279,100000
1,-360,0.20833333333333331,20,1,100000
2,-360,0.20833333333333331,20,6983,100000
3,-360,0.20833333333333331,20,4319,100000
4,-360,0.20833333333333331,20,6361,100000
1,-330,0.20833333333333331,20,2,100000
2,-330,0.20833333333333331,20,7097,100000
3,-330,0.20833333333333331,20,4266,100000
4,-330,0.20833333333333331,20,6513,100000
1,-300,0.20833333333333331,20,1,100000
2,-300,0.20833333333333331,20,6941,100000
3,-300,0.20833333333333331,20,4154,100000
4,-300,0.20833333333333331,20,6286,100000
1,-270,0.20833333333333331,20,3,100000
2,-270,0.20833333333333331,20,7058,100000
3,-270,0.20833333333333331,20,4201,100000
4,-270,0.20833333333333331,20,6312,100000
1,-240,0.20833333333333331,20,4,100000
2,-240,0.20833333333333331,20,6953,100000
3,-240,0.20833333333333331,20,4328,100000
4,-240,0.20833333333333331,20,6393,100000
1,-210,0.20833333333333331,20,0,100000
2,-210,0.20833333333333331,21,7093,100000
3,-210,0.20833333333333331,21,4087,100000
4,-210,0.20833333333333331,21,6294,100000
1,-180,0.20833333333333331,21,3,100000
2,-180,0.20833333333333331,21,6957,100000
3,-180,0.20833333333333331,21,4287,100000
4,-180,0.20833333333333331,21,6210,100000
1,-150,0.20833333333333331,21,2,100000
2,-150,0.20833333333333331,21,6866,100000
3,-150,0.20833333333333331,21,4154,100000
4,-150,0.20833333333333331,21,6244,100000
1,-120,0.20833333333333331,21,2,100000
2,-120,0.20833333333333331,21,6753,100000
3,-120,0.20833333333333331,21,4082,100000
4,-120,0.20833333333333331,21,6065,100000
1,-90,0.20833333333333331,21,1,100000
2,-90,0.20833333333333331,21,6649,100000
3,-90,0.20833333333333331,21,4072,100000
4,-90,0.20833333333333331,21,5940,100000
1,-60,0.20833333333333331,21,2,100000
2,-60,0.20833333333333331,21,6586,100000
3,-60,0.20833333333333331,21,4079,100000
4,-60,0.20833333333333331,21,5995,100000
1,-30,0.20833333333333331,21,3,100000
2,-30,0.20833333333333331,21,6153,100000
3,-30,0.20833333333333331,21,3837,100000
4,-30,0.20833333333333331,22,5812,100000
1,0,0.20833333333333331,22,2,100000
2,0,0.20833333333333331,22,6266,100000
3,0,0.20833333333333331,22,3878,100000
4,0,0.20833333333333331,22,5774,100000
1,30,0.20833333333333331,22,2,100000
2,30,0.20833333333333331,22,6588,100000
3,30,0.20833333333333331,22,4070,100000
4,30,0.20833333333333331,22,5995,100000
1,60,0.20833333333333331,22,2,100000
2,60,0.20833333333333331,22,6795,100000
3,60,0.20833333333333331,22,4006,100000
4,60,0.20833333333333331,22,6046,100000
1,90,0.20833333333333331,22,2,100000
2,90,0.20833333333333331,22,6898,100000
3,90,0.20833333333333331,22,4131,100000
4,90,0.20833333333333331,22,6070,100000
1,120,0.20833333333333331,22,0,100000
2,120,0.20833333333333331,22,6756,100000
3,120,0.20833333333333331,22,4121,100000
4,120,0.20833333333333331,22,6273,100000
1,150,0.20833333333333331,22,1,100000
2,150,0.20833333333333331,22,7042,100000
3,150,0.20833333333333331,22,4095,100000
4,150,0.20833333333333331,22,6284,100000
1,180,0.20833333333333331,22,0,100000
2,180,0.20833333333333331,23,6986,100000
3,180,0.20833333333333331,23,4207,100000
4,180,0.20833333333333331,23,6266,100000
1,210,0.20833333333333331,23,2,100000
2,210,0.20833333333333331,23,6982,100000
3,210,0.20833333333333331,23,4249,100000
4,210,0.20833333333333331,23,6158,100000
1,240,0.20833333333333331,23,0,100000
2,240,0.20833333333333331,23,7057,100000
3,240,0.20833333333333331,23,4326,100000
4,240,0.20833333333333331,23,6366,100000
1,270,0.20833333333333331,23,1,100000
2,270,0.20833333333333331,23,7138,100000
3,270,0.20833333333333331,23,4306,100000
4,270,0.20833333333333331,23,6323,100000
1,300,0.20833333333333331,23,2,100000
2,300,0.20833333333333331,23,7031,100000
3,300,0.20833333333333331,23,4266,100000
4,300,0.20833333333333331,23,6340,100000
1,330,0.20833333333333331,23,2,100000
2,330,0.20833333333333331,23,7054,100000
3,330,0.20833333333333331,23,4207,100000
4,330,0.20833333333333331,23,6344,100000
1,360,0.20833333333333331,23,1,100000
2,360,0.20833333333333331,23,7072,100000
3,360,0.20833333333333331,23,4395,100000
4,360,0.20833333333333331,24,6314,100000
1,-360,0.25,24,4,100000
2,-360,0.25,24,7137,100000
3,-360,0.25,24,4302,100000
4,-360,0.25,24,6427,100000
1,-330,0.25,24,4,100000
2,-330,0.25,24,7011,100000
3,-330,0.25,24,4224,100000
4,-330,0.25,24,6272,100000
1,-300,0.25,24,5,100000
2,-300,0.25,24,7055,100000
3,-300,0.25,24,4351,100000
4,-300,0.25,24,6283,100000
1,-270,0.25,24,3,100000
2,-270,0.25,24,7094,100000
3,-270,0.25,24,4227,100000
4,-270,0.25,24,6210,100000
1,-240,0.25,24,0,100000
2,-240,0.25,24,6918,100000
3,-240,0.25,24,4173,100000
4,-240,0.25,24,6384,100000
1,-210,0.25,24,5,100000
2,-210,0.25,24,6916,100000
3,-210,0.25,24,4154,100000
4,-210,0.25,24,6337,100000
1,-180,0.25,24,3,100000
2,-180,0.25,25,6877,100000
3,-180,0.25,25,4190,100000
4,-180,0.25,25,6232,100000
1,-150,0.25,25,2,100000
2,-150,0.25,25,6836,100000
3,-150,0.25,25,4225,100000
4,-150,0.25,25,6267,100000
1,-120,0.25,25,0,100000
2,-120,0.25,25,6688,100000
3,-120,0.25,25,4140,100000
4,-120,0.25,25,6074,100000
1,-90,0.25,25,1,100000
2,-90,0.25,25,6434,100000
3,-90,0.25,25,3965,100000
4,-90,0.25,25,6165,100000
1,-60,0.25,25,2,100000
2,-60,0.25,25,6397,100000
3,-60,0.25,25,3870,100000
4,-60,0.25,25,5848,100000
1,-30,0.25,25,0,100000
2,-30,0.25,25,6085,100000
3,-30,0.25,25,3816,100000
4,-30,0.25,25,5564,100000
1,0,0.25,25,1,100000
2,0,0.25,25,6029,100000
3,0,0.25,25,3841,100000
4,0,0.25,26,5676,100000
1,30,0.25,26,2,100000
2,30,0.25,26,6384,100000
3,30,0.25,26,3868,100000
4,30,0.25,26,5939,100000
1,60,0.25,26,3,100000
2,60,0.25,26,6510,100000
3,60,0.25,26,3968,100000
4,60,0.25,26,6010,100000
1,90,0.25,26,5,100000
2,90,0.25,26,6717,100000
3,90,0.25,26,4080,100000
4,90,0.25,26,6085,100000
1,120,0.25,26,4,100000
2,120,0.25,26,6766,100000
3,120,0.25,26,4069,100000
4,120,0.25,26,6117,100000
1,150,0.25,26,2,100000
2,150,0.25,26,6986,100000
3,150,0.25,26,4182,100000
4,150,0.25,26,6190,100000
1,180,0.25,26,2,100000
2,180,0.25,26,6951,100000
3,180,0.25,26,4310,100000
4,180,0.25,26,6224,100000
1,210,0.25,26,2,100000
2,210,0.25,27,6772,100000
3,210,0.25,27,4180,100000
4,210,0.25,27,6292,100000
1,240,0.25,27,0,100000
2,240,0.25,27,7002,100000
3,240,0.25,27,4253,100000
4,240,0.25,27,6352,100000
1,270,0.25,27,1,100000
2,270,0.25,27,7021,100000
3,270,0.25,27,4225,100000
4,270,0.25,27,6392,100000
1,300,0.25,27,1,100000
2,300,0.25,27,6978,100000
3,300,0.25,27,4369,100000
4,300,0.25,27,6420,100000
1,330,0.25,27,3,100000
2,330,0.25,27,6956,100000
3,330,0.25,27,4228,100000
4,330,0.25,27,6358,100000
1,360,0.25,27,6,100000
2,360,0.25,27,7048,100000
3,360,0.25,27,4318,100000
4,360,0.25,27,6288,100000
1,-360,0.29166666666666663,27,2,100000
2,-360,0.29166666666666663,27,7057,100000
3,-360,0.29166666666666663,27,4328,100000
4,-360,0.29166666666666663,28,6325,100000
1,-330,0.29166666666666663,28,4,100000
2,-330,0.29166666666666663,28,6904,100000
3,-330,0.29166666666666663,28,4373,100000
4,-330,0.29166666666666663,28,6403,100000
1,-300,0.29166666666666663,28,2,100000
2,-300,0.29166666666666663,28,6992,100000
3,-300,0.29166666666666663,28,4256,100000
4,-300,0.29166666666666663,28,6449,100000
1,-270,0.29166666666666663,28,4,100000
2,-270,0.29166666666666663,28,6992,100000
3,-270,0.29166666666666663,28,4212,100000
4,-270,0.29166666666666663,28,6202,100000
1,-240,0.29166666666666663,28,1,100000
2,-240,0.29166666666666663,28,7044,100000
3,-240,0.29166666666666663,28,4316,100000
4,-240,0.29166666666666663,28,6318,100000
1,-210,0.29166666666666663,28,4,100000
2,-210,0.29166666666666663,28,6960,100000
3,-210,0.29166666666666663,28,4318,100000
4,-210,0.29166666666666663,28,6126,100000
1,-180,0.29166666666666663,28,3,100000
2,-180,0.29166666666666663,28,6851,100000
3,-180,0.29166666666666663,28,4231,100000
4,-180,0.29166666666666663,28,6220,100000
1,-150,0.29166666666666663,28,2,100000
2,-150,0.29166666666666663,29,6727,100000
3,-150,0.29166666666666663,29,4213,100000
4,-150,0.29166666666666663,29,6261,100000
1,-120,0.29166666666666663,29,0,100000
2,-120,0.29166666666666663,29,6669,100000
3,-120,0.29166666666666663,29,4066,100000
4,-120,0.29166666666666663,29,6169,100000
1,-90,0.29166666666666663,29,1,100000
2,-90,0.29166666666666663,29,6619,100000
3,-90,0.29166666666666663,29,4103,100000
4,-90,0.29166666666666663,29,5866,100000
1,-60,0.29166666666666663,29,3,100000
2,-60,0.29166666666666663,29,6180,100000
3,-60,0.29166666666666663,29,3861,100000
4,-60,0.29166666666666663,29,5722,100000
1,-30,0.29166666666666663,29,1,100000
2,-30,0.29166666666666663,29,5808,100000
3,-30,0.29166666666666663,29,3608,100000
4,-30,0.29166666666666663,29,5572,100000
1,0,0.29166666666666663,29,1,100000
2,0,0.29166666666666663,29,5954,100000
3,0,0.29166666666666663,29,3692,100000
4,0,0.29166666666666663,29,5590,100000
1,30,0.29166666666666663,29,2,100000
2,30,0.29166666666666663,29,6281,100000
3,30,0.29166666666666663,29,3851,100000
2,30,0,3,6961,100000
3,30,0,3,4236,100000
4,30,0,3,6333,100000
1,60,0,3,3,100000
2,60,0,3,6955,100000
3,60,0,3,4367,100000
4,60,0,3,6177,100000
1,90,0,3,1,100000
2,90,0,3,7116,100000
3,90,0,3,4235,100000
4,90,0,3,6415,100000
1,120,0,3,0,100000
2,120,0,3,7109,100000
3,120,0,3,4375,100000
4,120,0,3,6208,100000
1,150,0,3,1,100000
2,150,0,3,7059,100000
3,150,0,3,4364,100000
4,150,0,3,6245,100000
1,180,0,3,3,100000
2,180,0,3,6759,100000
3,180,0,3,4275,100000
4,180,0,3,6299,100000
1,210,0,3,0,100000
2,210,0,3,7077,100000
3,210,0,3,4391,100000
4,30,0.29166666666666663,30,5626,100000
1,60,0.29166666666666663,30,3,100000
2,60,0.29166666666666663,30,6395,100000
3,60,0.29166666666666663,30,3930,100000
4,60,0.29166666666666663,30,5959,100000
1,90,0.29166666666666663,30,2,100000
2,90,0.29166666666666663,30,6721,100000
3,90,0.29166666666666663,30,3830,100000
4,90,0.29166666666666663,30,5872,100000
1,120,0.29166666666666663,30,1,100000
2,120,0.29166666666666663,30,6894,100000
3,120,0.29166666666666663,30,4154,100000
4,120,0.29166666666666663,30,6114,100000
1,150,0.29166666666666663,30,1,100000
2,150,0.29166666666666663,30,6905,100000
3,150,0.29166666666666663,30,4134,100000
4,150,0.29166666666666663,30,6052,100000
1,180,0.29166666666666663,30,1,100000
2,180,0.29166666666666663,30,6823,100000
3,180,0.29166666666666663,30,4119,100000
4,180,0.29166666666666663,30,6306,100000
1,210,0.29166666666666663,30,0,100000
2,210,0.29166666666666663,30,7034,100000
3,210,0.29166666666666663,30,4187,100000
4,210,0.29166666666666663,30,6207,100000
1,240,0.29166666666666663,30,5,100000
2,240,0.29166666666666663,31,6957,100000
3,240,0.29166666666666663,31,4325,100000
4,240,0.29166666666666663,31,6319,100000
1,270,0.29166666666666663,31,2,100000
2,270,0.29166666666666663,31,7034,100000
3,270,0.29166666666666663,31,4232,100000
4,270,0.29166666666666663,31,6327,100000
1,300,0.29166666666666663,31,4,100000
2,300,0.29166666666666663,31,7099,100000
3,300,0.29166666666666663,31,4181,100000
4,300,0.29166666666666663,31,6306,100000
1,330,0.29166666666666663,31,0,100000
2,330,0.29166666666666663,31,7073,100000
3,330,0.29166666666666663,31,4366,100000
4,330,0.29166666666666663,31,6335,100000
1,360,0.29166666666666663,31,2,100000
2,360,0.29166666666666663,31,7057,100000
3,360,0.29166666666666663,31,4277,100000
4,360,0.29166666666666663,31,6279,100000
1,-360,0.3333333333333333,31,5,100000
2,-360,0.3333333333333333,31,7062,100000
3,-360,0.3333333333333333,31,4325,100000
4,-360,0.3333333333333333,31,6377,100000
1,-330,0.3333333333333333,31,4,100000
2,-330,0.3333333333333333,31,7114,100000
3,-330,0.3333333333333333,31,4346,100000
4,-330,0.3333333333333333,32,6319,100000
1,-300,0.3333333333333333,32,1,100000
2,-300,0.3333333333333333,32,6945,100000
3,-300,0.3333333333333333,32,4286,100000
4,-300,0.3333333333333333,32,6314,100000
1,-270,0.3333333333333333,32,0,100000
2,-270,0.3333333333333333,32,6989,100000
3,-270,0.3333333333333333,32,4302,100000
4,-270,0.3333333333333333,32,6249,100000
1,-240,0.3333333333333333,32,3,100000
2,-240,0.3333333333333333,32,6857,100000
3,-240,0.3333333333333333,32,4264,100000
4,-240,0.3333333333333333,32,6262,100000
1,-210,0.3333333333333333,32,2,100000
2,-210,0.3333333333333333,32,6939,100000
3,-210,0.3333333333333333,32,4209,100000
4,-210,0.3333333333333333,32,6130,100000
1,-180,0.3333333333333333,32,2,100000
2,-180,0.3333333333333333,32,6662,100000
3,-180,0.3333333333333333,32,4078,100000
4,-180,0.3333333333333333,32,6185,100000
1,-150,0.3333333333333333,32,3,100000
2,-150,0.3333333333333333,32,6847,100000
3,-150,0.3333333333333333,32,4044,100000
4,-150,0.3333333333333333,32,5968,100000
1,-120,0.3333333333333333,32,3,100000
2,-120,0.3333333333333333,32,6532,100000
3,-120,0.3333333333333333,33,4007,100000
4,-120,0.3333333333333333,33,5930,100000
1,-90,0.3333333333333333,33,2,100000
2,-90,0.3333333333333333,33,6398,100000
3,-90,0.3333333333333333,33,4007,100000
4,-90,0.3333333333333333,33,5875,100000
1,-60,0.3333333333333333,33,2,100000
2,-60,0.3333333333333333,33,6156,100000
3,-60,0.3333333333333333,33,3686,100000
4,-60,0.3333333333333333,33,5657,100000
1,-30,0.3333333333333333,33,1,100000
2,-30,0.3333333333333333,33,5640,100000
3,-30,0.3333333333333333,33,3525,100000
4,-30,0.3333333333333333,33,5331,100000
1,0,0.3333333333333333,33,0,100000
2,0,0.3333333333333333,33,5817,100000
3,0,0.3333333333333333,33,3522,100000
4,0,0.3333333333333333,33,5402,100000
1,30,0.3333333333333333,33,2,100000
2,30,0.3333333333333333,33,6084,100000
3,30,0.3333333333333333,33,3730,100000
4,30,0.3333333333333333,33,5690,100000
1,60,0.3333333333333333,33,1,100000
2,60,0.3333333333333333,33,6361,100000
3,60,0.3333333333333333,33,3794,100000
4,60,0.3333333333333333,33,5802,100000
1,90,0.3333333333333333,34,2,100000
2,90,0.3333333333333333,34,6434,100000
3,90,0.3333333333333333,34,3937,100000
4,90,0.3333333333333333,34,5950,100000
1,120,0.3333333333333333,34,0,100000
2,120,0.3333333333333333,34,6623,100000
3,120,0.3333333333333333,34,4111,100000
4,120,0.3333333333333333,34,6103,100000
1,150,0.3333333333333333,34,0,100000
2,150,0.3333333333333333,34,6752,100000
3,150,0.3333333333333333,34,4081,100000
4,150,0.3333333333333333,34,6159,100000
1,180,0.3333333333333333,34,1,100000
2,180,0.3333333333333333,34,6926,100000
3,180,0.3333333333333333,34,4198,100000
4,180,0.3333333333333333,34,6230,100000
1,210,0.3333333333333333,34,1,100000
2,210,0.3333333333333333,34,6999,100000
3,210,0.3333333333333333,34,4187,100000
4,210,0.3333333333333333,34,6400,100000
1,240,0.3333333333333333,34,0,100000
2,240,0.3333333333333333,34,7050,100000
3,240,0.3333333333333333,34,4131,100000
4,240,0.3333333333333333,34,6345,100000
1,270,0.3333333333333333,34,3,100000
2,270,0.3333333333333333,34,7059,100000
3,270,0.3333333333333333,35,4263,100000
4,270,0.3333333333333333,35,6381,100000
1,300,0.3333333333333333,35,3,100000
2,300,0.3333333333333333,35,7036,100000
3,300,0.3333333333333333,35,4285,100000
4,300,0.3333333333333333,35,6486,100000
1,330,0.3333333333333333,35,2,100000
2,330,0.3333333333333333,35,6901,100000
3,330,0.3333333333333333,35,4379,100000
4,330,0.3333333333333333,35,6322,100000
1,360,0.3333333333333333,35,0,100000
2,360,0.3333333333333333,35,7016,100000
3,360,0.3333333333333333,35,4430,100000
4,360,0.3333333333333333,35,6275,100000
1,-360,0.375,35,0,100000
2,-360,0.375,35,7034,100000
3,-360,0.375,35,4255,100000
4,-360,0.375,35,6192,100000
1,-330,0.375,35,4,100000
2,-330,0.375,35,6950,100000
3,-330,0.375,35,4298,100000
4,-330,0.375,35,6340,100000
1,-300,0.375,35,1,100000
2,-300,0.375,35,6932,100000
3,-300,0.375,35,4427,100000
4,-300,0.375,35,6335,100000
1,-270,0.375,36,2,100000
2,-270,0.375,36,6983,100000
3,-270,0.375,36,4186,100000
4,-270,0.375,36,6346,100000
1,-240,0.375,36,0,100000
2,-240,0.375,36,6914,100000
3,-240,0.375,36,4228,100000
4,-240,0.375,36,6297,100000
1,-210,0.375,36,2,100000
2,-210,0.375,36,6889,100000
3,-210,0.375,36,4243,100000
4,-210,0.375,36,6136,100000
1,-180,0.375,36,3,100000
2,-180,0.375,36,6624,100000
3,-180,0.375,36,4262,100000
4,-180,0.375,36,6275,100000
1,-150,0.375,36,3,100000
2,-150,0.375,36,6724,100000
3,-150,0.375,36,4134,100000
4,-150,0.375,36,6017,100000
1,-120,0.375,36,1,100000
2,-120,0.375,36,6527,100000
3,-120,0.375,36,4055,100000
4,-120,0.375,36,6079,100000
1,-90,0.375,36,1,100000
2,-90,0.375,36,6257,100000
3,-90,0.375,37,3908,100000
4,-90,0.375,37,5826,100000
1,-60,0.375,37,3,100000
2,-60,0.375,37,5953,100000
3,-60,0.375,37,3640,100000
4,-60,0.375,37,5528,100000
1,-30,0.375,37,1,100000
2,-30,0.375,37,5521,100000
3,-30,0.375,37,3389,100000
4,-30,0.375,37,5286,100000
1,0,0.375,37,2,100000
2,0,0.375,37,5562,100000
3,0,0.375,37,3432,100000
4,0,0.375,37,5306,100000
1,30,0.375,37,1,100000
2,30,0.375,37,5965,100000
3,30,0.375,37,3657,100000
4,30,0.375,37,5517,100000
1,60,0.375,37,0,100000
2,60,0.375,37,6270,100000
3,60,0.375,37,3924,100000
4,60,0.375,37,5870,100000
1,90,0.375,37,1,100000
2,90,0.375,37,6429,100000
3,90,0.375,37,3907,100000
4,90,0.375,37,5928,100000
1,120,0.375,38,1,100000
2,120,0.375,38,6706,100000
3,120,0.375,38,4004,100000
4,120,0.375,38,6125,100000
1,150,0.375,38,1,100000
2,150,0.375,38,6699,100000
3,150,0.375,38,4052,100000
4,150,0.375,38,6145,100000
1,180,0.375,38,1,100000
2,180,0.375,38,6727,100000
3,180,0.375,38,4145,100000
4,180,0.375,38,6153,100000
1,210,0.375,38,0,100000
2,210,0.375,38,6984,100000
3,210,0.375,38,4136,100000
4,210,0.375,38,6268,100000
1,240,0.375,38,1,100000
2,240,0.375,38,6981,100000
3,240,0.375,38,4218,100000
4,240,0.375,38,6319,100000
1,270,0.375,38,0,100000
2,270,0.375,38,6864,100000
3,270,0.375,38,4198,100000
4,270,0.375,38,6340,100000
1,300,0.375,38,0,100000
2,300,0.375,38,7085,100000
3,300,0.375,39,4163,100000
4,300,0.375,39,6364,100000
1,330,0.375,39,2,100000
2,330,0.375,39,6985,100000
3,330,0.375,39,4130,100000
4,330,0.375,39,6271,100000
1,360,0.375,39,1,100000
2,360,0.375,39,7078,100000
3,360,0.375,39,4267,100000
4,360,0.375,39,6333,100000
1,-360,0.41666666666666663,39,3,100000
2,-360,0.41666666666666663,39,7010,100000
3,-360,0.41666666666666663,39,4358,100000
4,-360,0.41666666666666663,39,6408,100000
1,-330,0.41666666666666663,39,1,100000
2,-330,0.41666666666666663,39,7066,100000
3,-330,0.41666666666666663,39,4172,100000
4,-330,0.41666666666666663,39,6405,100000
1,-300,0.41666666666666663,39,0,100000
2,-300,0.41666666666666663,39,6960,100000
3,-300,0.41666666666666663,39,4212,100000
4,-300,0.41666666666666663,39,6311,100000
1,-270,0.41666666666666663,39,2,100000
2,-270,0.41666666666666663,39,7019,100000
3,-270,0.41666666666666663,39,4182,100000
4,-270,0.41666666666666663,39,6236,100000
4,210,0,4,6197,100000
1,240,0,4,4,100000
2,240,0,4,6979,100000
3,240,0,4,4351,100000
4,240,0,4,6336,100000
1,270,0,4,4,100000
2,270,0,4,7088,100000
3,270,0,4,4254,100000
4,270,0,4,6301,100000
1,300,0,4,5,100000
2,300,0,4,7070,100000
3,300,0,4,4276,100000
4,300,0,4,6312,100000
1,330,0,4,1,100000
2,330,0,4,6957,100000
3,330,0,4,4350,100000
4,330,0,4,6251,100000
1,360,0,4,2,100000
2,360,0,4,6936,100000
3,360,0,4,4343,100000
4,360,0,4,6337,100000
1,-360,0.041666666666666664,4,2,100000
2,-360,0.041666666666666664,4,7071,100000
3,-360,0.041666666666666664,4,4216,100000
4,-360,0.041666666666666664,4,6230,100000
1,-330,0.041666666666666664,4,2,100000
1,-240,0.41666666666666663,40,0,100000
2,-240,0.41666666666666663,40,6931,100000
3,-240,0.41666666666666663,40,4121,100000
4,-240,0.41666666666666663,40,6285,100000
1,-210,0.41666666666666663,40,0,100000
2,-210,0.41666666666666663,40,6840,100000
3,-210,0.41666666666666663,40,4116,100000
4,-210,0.41666666666666663,40,6192,100000
1,-180,0.41666666666666663,40,3,100000
2,-180,0.41666666666666663,40,6702,100000
3,-180,0.41666666666666663,40,4171,100000
4,-180,0.41666666666666663,40,6152,100000
1,-150,0.41666666666666663,40,1,100000
2,-150,0.41666666666666663,40,6583,100000
3,-150,0.41666666666666663,40,4012,100000
4,-150,0.41666666666666663,40,5963,100000
1,-120,0.41666666666666663,40,1,100000
2,-120,0.41666666666666663,40,6451,100000
3,-120,0.41666666666666663,40,3881,100000
4,-120,0.41666666666666663,40,5947,100000
1,-90,0.41666666666666663,40,3,100000
2,-90,0.41666666666666663,40,6150,100000
3,-90,0.41666666666666663,40,3686,100000
4,-90,0.41666666666666663,40,5589,100000
1,-60,0.41666666666666663,40,0,100000
2,-60,0.41666666666666663,40,5934,100000
3,-60,0.41666666666666663,41,3419,100000
4,-60,0.41666666666666663,41,5441,100000
1,-30,0.41666666666666663,41,0,100000
2,-30,0.41666666666666663,41,5407,100000
3,-30,0.41666666666666663,41,3309,100000
4,-30,0.41666666666666663,41,5036,100000
1,0,0.41666666666666663,41,1,100000
2,0,0.41666666666666663,41,5561,100000
3,0,0.41666666666666663,41,3350,100000
4,0,0.41666666666666663,41,5207,100000
1,30,0.41666666666666663,41,3,100000
2,30,0.41666666666666663,41,5851,100000
3,30,0.41666666666666663,41,3514,100000
4,30,0.41666666666666663,41,5478,100000
1,60,0.41666666666666663,41,2,100000
2,60,0.41666666666666663,41,6363,100000
3,60,0.41666666666666663,41,3766,100000
4,60,0.41666666666666663,41,5689,100000
1,90,0.41666666666666663,41,1,100000
2,90,0.41666666666666663,41,6394,100000
3,90,0.41666666666666663,41,3858,100000
4,90,0.41666666666666663,41,5869,100000
1,120,0.41666666666666663,41,1,100000
2,120,0.41666666666666663,41,6617,100000
3,120,0.41666666666666663,41,4071,100000
4,120,0.41666666666666663,41,5989,100000
1,150,0.41666666666666663,42,3,100000
2,150,0.41666666666666663,42,6675,100000
3,150,0.41666666666666663,42,4034,100000
4,150,0.41666666666666663,42,6144,100000
1,180,0.41666666666666663,42,0,100000
2,180,0.41666666666666663,42,6926,100000
3,180,0.41666666666666663,42,4150,100000
4,180,0.41666666666666663,42,6185,100000
1,210,0.41666666666666663,42,2,100000
2,210,0.41666666666666663,42,6840,100000
3,210,0.41666666666666663,42,4163,100000
4,210,0.41666666666666663,42,6239,100000
1,240,0.41666666666666663,42,1,100000
2,240,0.41666666666666663,42,6972,100000
3,240,0.41666666666666663,42,4251,100000
4,240,0.41666666666666663,42,6174,100000
1,270,0.41666666666666663,42,1,100000
2,270,0.41666666666666663,42,7040,100000
3,270,0.41666666666666663,42,4246,100000
4,270,0.41666666666666663,42,6444,100000
1,300,0.41666666666666663,42,3,100000
2,300,0.41666666666666663,42,6935,100000
3,300,0.41666666666666663,42,4245,100000
4,300,0.41666666666666663,42,6336,100000
1,330,0.41666666666666663,42,3,100000
2,330,0.41666666666666663,42,6978,100000
3,330,0.41666666666666663,43,4264,100000
4,330,0.41666666666666663,43,6386,100000
1,360,0.41666666666666663,43,3,100000
2,360,0.41666666666666663,43,7146,100000
3,360,0.41666666666666663,43,4296,100000
4,360,0.41666666666666663,43,6346,100000
1,-360,0.4583333333333333,43,4,100000
2,-360,0.4583333333333333,43,7059,100000
3,-360,0.4583333333333333,43,4387,100000
4,-360,0.4583333333333333,43,6279,100000
1,-330,0.4583333333333333,43,4,100000
2,-330,0.4583333333333333,43,6924,100000
3,-330,0.4583333333333333,43,4263,100000
4,-330,0.4583333333333333,43,6416,100000
1,-300,0.4583333333333333,43,6,100000
2,-300,0.4583333333333333,43,7078,100000
3,-300,0.4583333333333333,43,4237,100000
4,-300,0.4583333333333333,43,6201,100000
1,-270,0.4583333333333333,43,0,100000
2,-270,0.4583333333333333,43,6867,100000
3,-270,0.4583333333333333,43,4166,100000
4,-270,0.4583333333333333,43,6233,100000
1,-240,0.4583333333333333,43,5,100000
2,-240,0.4583333333333333,43,6853,100000
3,-240,0.4583333333333333,43,4230,100000
4,-240,0.4583333333333333,43,6204,100000
1,-210,0.4583333333333333,44,5,100000
2,-210,0.4583333333333333,44,6767,100000
3,-210,0.4583333333333333,44,4139,100000
4,-210,0.4583333333333333,44,6119,100000
1,-180,0.4583333333333333,44,2,100000
2,-180,0.4583333333333333,44,6676,100000
3,-180,0.4583333333333333,44,4155,100000
4,-180,0.4583333333333333,44,6120,100000
1,-150,0.4583333333333333,44,3,100000
2,-150,0.4583333333333333,44,6485,100000
3,-150,0.4583333333333333,44,4018,100000
4,-150,0.4583333333333333,44,6047,100000
1,-120,0.4583333333333333,44,0,100000
2,-120,0.4583333333333333,44,6372,100000
3,-120,0.4583333333333333,44,3929,100000
4,-120,0.4583333333333333,44,5772,100000
1,-90,0.4583333333333333,44,2,100000
2,-90,0.4583333333333333,44,5991,100000
3,-90,0.4583333333333333,44,3689,100000
4,-90,0.4583333333333333,44,5764,100000
1,-60,0.4583333333333333,44,3,100000
2,-60,0.4583333333333333,44,5680,100000
3,-60,0.4583333333333333,44,3606,100000
4,-60,0.4583333333333333,44,5389,100000
1,-30,0.4583333333333333,44,1,100000
2,-30,0.4583333333333333,44,5081,100000
3,-30,0.4583333333333333,45,3180,100000
4,-30,0.4583333333333333,45,4959,100000
1,0,0.4583333333333333,45,0,100000
2,0,0.4583333333333333,45,5130,100000
3,0,0.4583333333333333,45,3184,100000
4,0,0.4583333333333333,45,5107,100000
1,30,0.4583333333333333,45,0,100000
2,30,0.4583333333333333,45,5690,100000
3,30,0.4583333333333333,45,3558,100000
4,30,0.4583333333333333,45,5342,100000
1,60,0.4583333333333333,45,3,100000
2,60,0.4583333333333333,45,6099,100000
3,60,0.4583333333333333,45,3635,100000
4,60,0.4583333333333333,45,5557,100000
1,90,0.4583333333333333,45,1,100000
2,90,0.4583333333333333,45,6255,100000
3,90,0.4583333333333333,45,3767,100000
4,90,0.4583333333333333,45,5770,100000
1,120,0.4583333333333333,45,2,100000
2,120,0.4583333333333333,45,6552,100000
3,120,0.4583333333333333,45,3855,100000
4,120,0.4583333333333333,45,5952,100000
1,150,0.4583333333333333,45,2,100000
2,150,0.4583333333333333,45,6800,100000
3,150,0.4583333333333333,45,3869,100000
4,150,0.4583333333333333,45,6187,100000
1,180,0.4583333333333333,46,1,100000
2,180,0.4583333333333333,46,6883,100000
3,180,0.4583333333333333,46,4058,100000
4,180,0.4583333333333333,46,6255,100000
1,210,0.4583333333333333,46,2,100000
2,210,0.4583333333333333,46,6822,100000
3,210,0.4583333333333333,46,4202,100000
4,210,0.4583333333333333,46,6064,100000
1,240,0.4583333333333333,46,2,100000
2,240,0.4583333333333333,46,7003,100000
3,240,0.4583333333333333,46,4126,100000
4,240,0.4583333333333333,46,6271,100000
1,270,0.4583333333333333,46,2,100000
2,270,0.4583333333333333,46,7118,100000
3,270,0.4583333333333333,46,4218,100000
4,270,0.4583333333333333,46,6219,100000
1,300,0.4583333333333333,46,1,100000
2,300,0.4583333333333333,46,6888,100000
3,300,0.4583333333333333,46,4169,100000
4,300,0.4583333333333333,46,6275,100000
1,330,0.4583333333333333,46,0,100000
2,330,0.4583333333333333,46,7030,100000
3,330,0.4583333333333333,46,4216,100000
4,330,0.4583333333333333,46,6213,100000
1,360,0.4583333333333333,46,2,100000
2,360,0.4583333333333333,46,7030,100000
3,360,0.4583333333333333,47,4272,100000
4,360,0.4583333333333333,47,6300,100000
1,-360,0.5,47,2,100000
2,-360,0.5,47,7096,100000
3,-360,0.5,47,4316,100000
4,-360,0.5,47,6452,100000
1,-330,0.5,47,8,100000
2,-330,0.5,47,6946,100000
3,-330,0.5,47,4366,100000
4,-330,0.5,47,6253,100000
1,-300,0.5,47,0,100000
2,-300,0.5,47,6931,100000
3,-300,0.5,47,4291,100000
4,-300,0.5,47,6298,100000
1,-270,0.5,47,3,100000
2,-270,0.5,47,6956,100000
3,-270,0.5,47,4337,100000
4,-270,0.5,47,6202,100000
1,-240,0.5,47,1,100000
2,-240,0.5,47,6775,100000
3,-240,0.5,47,4144,100000
4,-240,0.5,47,6321,100000
1,-210,0.5,47,1,100000
2,-210,0.5,47,6767,100000
3,-210,0.5,47,4191,100000
4,-210,0.5,47,6018,100000
1,-180,0.5,48,1,100000
2,-180,0.5,48,6704,100000
3,-180,0.5,48,4202,100000
4,-180,0.5,48,6087,100000
1,-150,0.5,48,3,100000
2,-150,0.5,48,6551,100000
3,-150,0.5,48,3947,100000
4,-150,0.5,48,6139,100000
1,-120,0.5,48,1,100000
2,-120,0.5,48,6334,100000
3,-120,0.5,48,3797,100000
4,-120,0.5,48,5852,100000
1,-90,0.5,48,0,100000
2,-90,0.5,48,5991,100000
3,-90,0.5,48,3632,100000
4,-90,0.5,48,5425,100000
1,-60,0.5,48,2,100000
2,-60,0.5,48,5613,100000
3,-60,0.5,48,3491,100000
4,-60,0.5,48,5399,100000
1,-30,0.5,48,0,100000
2,-30,0.5,48,5056,100000
3,-30,0.5,48,3050,100000
4,-30,0.5,48,4935,100000
1,0,0.5,48,0,100000
2,0,0.5,48,5113,100000
3,0,0.5,49,3115,100000
4,0,0.5,49,5041,100000
1,30,0.5,49,1,100000
2,30,0.5,49,5686,100000
3,30,0.5,49,3290,100000
4,30,0.5,49,5379,100000
1,60,0.5,49,0,100000
2,60,0.5,49,5977,100000
3,60,0.5,49,3540,100000
4,60,0.5,49,5549,100000
1,90,0.5,49,1,100000
2,90,0.5,49,6297,100000
3,90,0.5,49,3724,100000
4,90,0.5,49,5756,100000
1,120,0.5,49,0,100000
2,120,0.5,49,6499,100000
3,120,0.5,49,3912,100000
4,120,0.5,49,5979,100000
1,150,0.5,49,1,100000
2,150,0.5,49,6697,100000
3,150,0.5,49,3901,100000
4,150,0.5,49,6019,100000
1,180,0.5,49,0,100000
2,180,0.5,49,6741,100000
3,180,0.5,49,3916,100000
4,180,0.5,49,6192,100000
2,-330,0.041666666666666664,5,7038,100000
3,-330,0.041666666666666664,5,4310,100000
4,-330,0.041666666666666664,5,6255,100000
1,-300,0.041666666666666664,5,2,100000
2,-300,0.041666666666666664,5,6910,100000
3,-300,0.041666666666666664,5,4289,100000
4,-300,0.041666666666666664,5,6370,100000
1,-270,0.041666666666666664,5,2,100000
2,-270,0.041666666666666664,5,7061,100000
3,-270,0.041666666666666664,5,4365,100000
4,-270,0.041666666666666664,5,6324,100000
1,-240,0.041666666666666664,5,3,100000
2,-240,0.041666666666666664,5,7064,100000
3,-240,0.041666666666666664,5,4292,100000
4,-240,0.041666666666666664,5,6240,100000
1,-210,0.041666666666666664,5,1,100000
2,-210,0.041666666666666664,5,6947,100000
3,-210,0.041666666666666664,5,4361,100000
4,-210,0.041666666666666664,5,6298,100000
1,-180,0.041666666666666664,5,1,100000
2,-180,0.041666666666666664,5,7019,100000
3,-180,0.041666666666666664,5,4287,100000
4,-180,0.041666666666666664,5,6449,100000
1,-150,0.041666666666666664,5,1,100000
2,-150,0.041666666666666664,5,7134,100000
3,-150,0.041666666666666664,5,4303,100000
1,210,0.5,50,0,100000
2,210,0.5,50,7041,100000
3,210,0.5,50,4024,100000
4,210,0.5,50,6187,100000
1,240,0.5,50,1,100000
2,240,0.5,50,7085,100000
3,240,0.5,50,4161,100000
4,240,0.5,50,6296,100000
1,270,0.5,50,1,100000
2,270,0.5,50,7011,100000
3,270,0.5,50,4244,100000
4,270,0.5,50,6323,100000
1,300,0.5,50,1,100000
2,300,0.5,50,6970,100000
3,300,0.5,50,4185,100000
4,300,0.5,50,6310,100000
1,330,0.5,50,0,100000
2,330,0.5,50,6984,100000
3,330,0.5,50,4263,100000
4,330,0.5,50,6424,100000
1,360,0.5,50,1,100000
2,360,0.5,50,7129,100000
3,360,0.5,50,4234,100000
4,360,0.5,50,6290,100000
1,-360,0.5416666666666666,50,2,100000
2,-360,0.5416666666666666,50,6908,100000
3,-360,0.5416666666666666,51,4220,100000
4,-360,0.5416666666666666,51,6543,100000
1,-330,0.5416666666666666,51,4,100000
2,-330,0.5416666666666666,51,6991,100000
3,-330,0.5416666666666666,51,4263,100000
4,-330,0.5416666666666666,51,6264,100000
1,-300,0.5416666666666666,51,1,100000
2,-300,0.5416666666666666,51,6869,100000
3,-300,0.5416666666666666,51,4276,100000
4,-300,0.5416666666666666,51,6244,100000
1,-270,0.5416666666666666,51,6,100000
2,-270,0.5416666666666666,51,6943,100000
3,-270,0.5416666666666666,51,4190,100000
4,-270,0.5416666666666666,51,6235,100000
1,-240,0.5416666666666666,51,6,100000
2,-240,0.5416666666666666,51,6937,100000
3,-240,0.5416666666666666,51,4193,100000
4,-240,0.5416666666666666,51,6194,100000
1,-210,0.5416666666666666,51,5,100000
2,-210,0.5416666666666666,51,6837,100000
3,-210,0.5416666666666666,51,4119,100000
4,-210,0.5416666666666666,51,6262,100000
1,-180,0.5416666666666666,51,0,100000
2,-180,0.5416666666666666,51,6718,100000
3,-180,0.5416666666666666,51,4035,100000
4,-180,0.5416666666666666,51,6026,100000
1,-150,0.5416666666666666,52,1,100000
2,-150,0.5416666666666666,52,6395,100000
3,-150,0.5416666666666666,52,3906,100000
4,-150,0.5416666666666666,52,5973,100000
1,-120,0.5416666666666666,52,1,100000
2,-120,0.5416666666666666,52,6197,100000
3,-120,0.5416666666666666,52,3843,100000
4,-120,0.5416666666666666,52,5784,100000
1,-90,0.5416666666666666,52,3,100000
2,-90,0.5416666666666666,52,5885,100000
3,-90,0.5416666666666666,52,3591,100000
4,-90,0.5416666666666666,52,5459,100000
1,-60,0.5416666666666666,52,1,100000
2,-60,0.5416666666666666,52,5343,100000
3,-60,0.5416666666666666,52,3268,100000
4,-60,0.5416666666666666,52,5314,100000
1,-30,0.5416666666666666,52,2,100000
2,-30,0.5416666666666666,52,4882,100000
3,-30,0.5416666666666666,52,2933,100000
4,-30,0.5416666666666666,52,4854,100000
1,0,0.5416666666666666,52,2,100000
2,0,0.5416666666666666,52,5043,100000
3,0,0.5416666666666666,52,3108,100000
4,0,0.5416666666666666,52,4756,100000
1,30,0.5416666666666666,52,3,100000
2,30,0.5416666666666666,52,5503,100000
3,30,0.5416666666666666,53,3243,100000
4,30,0.5416666666666666,53,5392,100000
1,60,0.5416666666666666,53,0,100000
2,60,0.5416666666666666,53,5840,100000
3,60,0.5416666666666666,53,3527,100000
4,60,0.5416666666666666,53,5432,100000
1,90,0.5416666666666666,53,0,100000
2,90,0.5416666666666666,53,6108,100000
3,90,0.5416666666666666,53,3757,100000
4,90,0.5416666666666666,53,5776,100000
1,120,0.5416666666666666,53,1,100000
2,120,0.5416666666666666,53,6434,100000
3,120,0.5416666666666666,53,3756,100000
4,120,0.5416666666666666,53,5768,100000
1,150,0.5416666666666666,53,2,100000
2,150,0.5416666666666666,53,6493,100000
3,150,0.5416666666666666,53,3899,100000
4,150,0.5416666666666666,53,6166,100000
1,180,0.5416666666666666,53,4,100000
2,180,0.5416666666666666,53,6743,100000
3,180,0.5416666666666666,53,4051,100000
4,180,0.5416666666666666,53,6194,100000
1,210,0.5416666666666666,53,1,100000
2,210,0.5416666666666666,53,6780,100000
3,210,0.5416666666666666,53,4061,100000
4,210,0.5416666666666666,53,6375,100000
1,240,0.5416666666666666,54,3,100000
2,240,0.5416666666666666,54,6932,100000
3,240,0.5416666666666666,54,4184,100000
4,240,0.5416666666666666,54,6345,100000
1,270,0.5416666666666666,54,4,100000
2,270,0.5416666666666666,54,6954,100000
3,270,0.5416666666666666,54,4084,100000
4,270,0.5416666666666666,54,6324,100000
1,300,0.5416666666666666,54,1,100000
2,300,0.5416666666666666,54,6949,100000
3,300,0.5416666666666666,54,4098,100000
4,300,0.5416666666666666,54,6272,100000
1,330,0.5416666666666666,54,2,100000
2,330,0.5416666666666666,54,7026,100000
3,330,0.5416666666666666,54,4251,100000
4,330,0.5416666666666666,54,6252,100000
1,360,0.5416666666666666,54,1,100000
2,360,0.5416666666666666,54,7105,100000
3,360,0.5416666666666666,54,4302,100000
4,360,0.5416666666666666,54,6308,100000
1,-360,0.5833333333333333,54,2,100000
2,-360,0.5833333333333333,54,7124,100000
3,-360,0.5833333333333333,54,4186,100000
4,-360,0.5833333333333333,54,6226,100000
1,-330,0.5833333333333333,54,1,100000
2,-330,0.5833333333333333,54,6998,100000
3,-330,0.5833333333333333,55,4372,100000
4,-330,0.5833333333333333,55,6407,100000
1,-300,0.5833333333333333,55,2,100000
2,-300,0.5833333333333333,55,6853,100000
3,-300,0.5833333333333333,55,4157,100000
4,-300,0.5833333333333333,55,6275,100000
1,-270,0.5833333333333333,55,1,100000
2,-270,0.5833333333333333,55,7057,100000
3,-270,0.5833333333333333,55,4149,100000
4,-270,0.5833333333333333,55,6276,100000
1,-240,0.5833333333333333,55,2,100000
2,-240,0.5833333333333333,55,6722,100000
3,-240,0.5833333333333333,55,4116,100000
4,-240,0.5833333333333333,55,6100,100000
1,-210,0.5833333333333333,55,3,100000
2,-210,0.5833333333333333,55,6832,100000
3,-210,0.5833333333333333,55,4085,100000
4,-210,0.5833333333333333,55,5995,100000
1,-180,0.5833333333333333,55,7,100000
2,-180,0.5833333333333333,55,6527,100000
3,-180,0.5833333333333333,55,3903,100000
4,-180,0.5833333333333333,55,6053,100000
1,-150,0.5833333333333333,55,1,100000
2,-150,0.5833333333333333,55,6454,100000
3,-150,0.5833333333333333,55,3822,100000
4,-150,0.5833333333333333,55,5892,100000
1,-120,0.5833333333333333,56,0,100000
2,-120,0.5833333333333333,56,6165,100000
3,-120,0.5833333333333333,56,3734,100000
4,-120,0.5833333333333333,56,5777,100000
1,-90,0.5833333333333333,56,2,100000
2,-90,0.5833333333333333,56,5752,100000
3,-90,0.5833333333333333,56,3420,100000
4,-90,0.5833333333333333,56,5442,100000
1,-60,0.5833333333333333,56,3,100000
2,-60,0.5833333333333333,56,5364,100000
3,-60,0.5833333333333333,56,3299,100000
4,-60,0.5833333333333333,56,5030,100000
1,-30,0.5833333333333333,56,1,100000
2,-30,0.5833333333333333,56,4659,100000
3,-30,0.5833333333333333,56,2890,100000
4,-30,0.5833333333333333,56,4659,100000
1,0,0.5833333333333333,56,2,100000
2,0,0.5833333333333333,56,4803,100000
3,0,0.5833333333333333,56,2985,100000
4,0,0.5833333333333333,56,4791,100000
1,30,0.5833333333333333,56,0,100000
2,30,0.5833333333333333,56,5303,100000
3,30,0.5833333333333333,56,3080,100000
4,30,0.5833333333333333,56,5060,100000
1,60,0.5833333333333333,56,3,100000
2,60,0.5833333333333333,56,5754,100000
3,60,0.5833333333333333,57,3359,100000
4,60,0.5833333333333333,57,5415,100000
1,90,0.5833333333333333,57,0,100000
2,90,0.5833333333333333,57,6082,100000
3,90,0.5833333333333333,57,3592,100000
4,90,0.5833333333333333,57,5702,100000
1,120,0.5833333333333333,57,1,100000
2,120,0.5833333333333333,57,6333,100000
3,120,0.5833333333333333,57,3616,100000
4,120,0.5833333333333333,57,5873,100000
1,150,0.5833333333333333,57,0,100000
2,150,0.5833333333333333,57,6419,100000
3,150,0.5833333333333333,57,3915,100000
4,150,0.5833333333333333,57,5886,100000
1,180,0.5833333333333333,57,1,100000
2,180,0.5833333333333333,57,6862,100000
3,180,0.5833333333333333,57,4031,100000
4,180,0.5833333333333333,57,6112,100000
1,210,0.5833333333333333,57,0,100000
2,210,0.5833333333333333,57,6875,100000
3,210,0.5833333333333333,57,4020,100000
4,210,0.5833333333333333,57,6261,100000
1,240,0.5833333333333333,57,1,100000
2,240,0.5833333333333333,57,6870,100000
3,240,0.5833333333333333,57,4084,100000
4,240,0.5833333333333333,57,6225,100000
1,270,0.5833333333333333,58,1,100000
2,270,0.5833333333333333,58,6919,100000
3,270,0.5833333333333333,58,4025,100000
4,270,0.5833333333333333,58,6185,100000
1,300,0.5833333333333333,58,1,100000
2,300,0.5833333333333333,58,6892,100000
3,300,0.5833333333333333,58,4157,100000
4,300,0.5833333333333333,58,6218,100000
1,330,0.5833333333333333,58,2,100000
2,330,0.5833333333333333,58,6940,100000
3,330,0.5833333333333333,58,4111,100000
4,330,0.5833333333333333,58,6225,100000
1,360,0.5833333333333333,58,1,100000
2,360,0.5833333333333333,58,7027,100000
3,360,0.5833333333333333,58,4211,100000
4,360,0.5833333333333333,58,6423,100000
1,-360,0.625,58,5,100000
2,-360,0.625,58,6982,100000
3,-360,0.625,58,4298,100000
4,-360,0.625,58,6380,100000
1,-330,0.625,58,2,100000
2,-330,0.625,58,6996,100000
3,-330,0.625,58,4215,100000
4,-330,0.625,58,6247,100000
1,-300,0.625,58,1,100000
2,-300,0.625,58,6883,100000
3,-300,0.625,59,4244,100000
4,-300,0.625,59,6282,100000
1,-270,0.625,59,3,100000
2,-270,0.625,59,6839,100000
3,-270,0.625,59,4146,100000
4,-270,0.625,59,6158,100000
1,-240,0.625,59,2,100000
2,-240,0.625,59,6730,100000
3,-240,0.625,59,4176,100000
4,-240,0.625,59,6211,100000
1,-210,0.625,59,3,100000
2,-210,0.625,59,6695,100000
3,-210,0.625,59,4000,100000
4,-210,0.625,59,6152,100000
1,-180,0.625,59,1,100000
2,-180,0.625,59,6470,100000
3,-180,0.625,59,3961,100000
4,-180,0.625,59,6053,100000
1,-150,0.625,59,2,100000
2,-150,0.625,59,6319,100000
3,-150,0.625,59,4002,100000
4,-150,0.625,59,5935,100000
1,-120,0.625,59,2,100000
2,-120,0.625,59,5988,100000
3,-120,0.625,59,3760,100000
4,-120,0.625,59,5686,100000
4,-150,0.041666666666666664,6,6334,100000
1,-120,0.041666666666666664,6,2,100000
2,-120,0.041666666666666664,6,7049,100000
3,-120,0.041666666666666664,6,4369,100000
4,-120,0.041666666666666664,6,6265,100000
1,-90,0.041666666666666664,6,1,100000
2,-90,0.041666666666666664,6,6922,100000
3,-90,0.041666666666666664,6,4233,100000
4,-90,0.041666666666666664,6,6433,100000
1,-60,0.041666666666666664,6,3,100000
2,-60,0.041666666666666664,6,7042,100000
3,-60,0.041666666666666664,6,4334,100000
4,-60,0.041666666666666664,6,6164,100000
1,-30,0.041666666666666664,6,3,100000
2,-30,0.041666666666666664,6,6915,100000
3,-30,0.041666666666666664,6,4231,100000
4,-30,0.041666666666666664,6,6320,100000
1,0,0.041666666666666664,6,1,100000
2,0,0.041666666666666664,6,6977,100000
3,0,0.041666666666666664,6,4307,100000
4,0,0.041666666666666664,6,6265,100000
1,30,0.041666666666666664,6,2,100000
2,30,0.041666666666666664,6,6805,100000
3,30,0.041666666666666664,6,4216,100000
4,30,0.041666666666666664,6,6278,100000
1,60,0.041666666666666664,6,1,100000
1,-90,0.625,60,2,100000
2,-90,0.625,60,5666,100000
3,-90,0.625,60,3279,100000
4,-90,0.625,60,5390,100000
1,-60,0.625,60,2,100000
2,-60,0.625,60,5158,100000
3,-60,0.625,60,3204,100000
4,-60,0.625,60,4921,100000
1,-30,0.625,60,1,100000
2,-30,0.625,60,4460,100000
3,-30,0.625,60,2768,100000
4,-30,0.625,60,4590,100000
1,0,0.625,60,3,100000
2,0,0.625,60,4572,100000
3,0,0.625,60,2734,100000
4,0,0.625,60,4637,100000
1,30,0.625,60,1,100000
2,30,0.625,60,5144,100000
3,30,0.625,60,3086,100000
4,30,0.625,60,5184,100000
1,60,0.625,60,0,100000
2,60,0.625,60,5661,100000
3,60,0.625,60,3280,100000
4,60,0.625,60,5351,100000
1,90,0.625,60,1,100000
2,90,0.625,60,5937,100000
3,90,0.625,61,3407,100000
4,90,0.625,61,5681,100000
1,120,0.625,61,3,100000
2,120,0.625,61,6226,100000
3,120,0.625,61,3598,100000
4,120,0.625,61,5806,100000
1,150,0.625,61,1,100000
2,150,0.625,61,6416,100000
3,150,0.625,61,3769,100000
4,150,0.625,61,5903,100000
1,180,0.625,61,1,100000
2,180,0.625,61,6667,100000
3,180,0.625,61,3903,100000
4,180,0.625,61,6127,100000
1,210,0.625,61,1,100000
2,210,0.625,61,6695,100000
3,210,0.625,61,4083,100000
4,210,0.625,61,6134,100000
1,240,0.625,61,2,100000
2,240,0.625,61,6907,100000
3,240,0.625,61,4142,100000
4,240,0.625,61,6272,100000
1,270,0.625,61,2,100000
2,270,0.625,61,6936,100000
3,270,0.625,61,4011,100000
4,270,0.625,61,6378,100000
1,300,0.625,62,0,100000
2,300,0.625,62,6952,100000
3,300,0.625,62,4120,100000
4,300,0.625,62,6364,100000
1,330,0.625,62,1,100000
2,330,0.625,62,6975,100000
3,330,0.625,62,4137,100000
4,330,0.625,62,6331,100000
1,360,0.625,62,2,100000
2,360,0.625,62,6991,100000
3,360,0.625,62,4163,100000
4,360,0.625,62,6333,100000
1,-360,0.6666666666666666,62,1,100000
2,-360,0.6666666666666666,62,7108,100000
3,-360,0.6666666666666666,62,4216,100000
4,-360,0.6666666666666666,62,6450,100000
1,-330,0.6666666666666666,62,4,100000
2,-330,0.6666666666666666,62,6958,100000
3,-330,0.6666666666666666,62,4241,100000
4,-330,0.6666666666666666,62,6294,100000
1,-300,0.6666666666666666,62,3,100000
2,-300,0.6666666666666666,62,6908,100000
3,-300,0.6666666666666666,62,4356,100000
4,-300,0.6666666666666666,62,6195,100000
1,-270,0.6666666666666666,62,2,100000
2,-270,0.6666666666666666,62,6710,100000
3,-270,0.6666666666666666,63,4158,100000
4,-270,0.6666666666666666,63,6219,100000
1,-240,0.6666666666666666,63,1,100000
2,-240,0.6666666666666666,63,6817,100000
3,-240,0.6666666666666666,63,4176,100000
4,-240,0.6666666666666666,63,6237,100000
1,-210,0.6666666666666666,63,1,100000
2,-210,0.6666666666666666,63,6703,100000
3,-210,0.6666666666666666,63,4053,100000
4,-210,0.6666666666666666,63,6135,100000
1,-180,0.6666666666666666,63,1,100000
2,-180,0.6666666666666666,63,6533,100000
3,-180,0.6666666666666666,63,3956,100000
4,-180,0.6666666666666666,63,6078,100000
1,-150,0.6666666666666666,63,1,100000
2,-150,0.6666666666666666,63,6236,100000
3,-150,0.6666666666666666,63,3737,100000
4,-150,0.6666666666666666,63,5944,100000
1,-120,0.6666666666666666,63,2,100000
2,-120,0.6666666666666666,63,5914,100000
3,-120,0.6666666666666666,63,3613,100000
4,-120,0.6666666666666666,63,5722,100000
1,-90,0.6666666666666666,63,1,100000
2,-90,0.6666666666666666,63,5451,100000
3,-90,0.6666666666666666,63,3311,100000
4,-90,0.6666666666666666,63,5410,100000
1,-60,0.6666666666666666,64,1,100000
2,-60,0.6666666666666666,64,4967,100000
3,-60,0.6666666666666666,64,2924,100000
4,-60,0.6666666666666666,64,4930,100000
1,-30,0.6666666666666666,64,1,100000
2,-30,0.6666666666666666,64,4308,100000
3,-30,0.6666666666666666,64,2555,100000
4,-30,0.6666666666666666,64,4423,100000
1,0,0.6666666666666666,64,0,100000
2,0,0.6666666666666666,64,4475,100000
3,0,0.6666666666666666,64,2633,100000
4,0,0.6666666666666666,64,4565,100000
1,30,0.6666666666666666,64,0,100000
2,30,0.6666666666666666,64,4970,100000
3,30,0.6666666666666666,64,2885,100000
4,30,0.6666666666666666,64,5051,100000
1,60,0.6666666666666666,64,1,100000
2,60,0.6666666666666666,64,5476,100000
3,60,0.6666666666666666,64,3098,100000
4,60,0.6666666666666666,64,5404,100000
1,90,0.6666666666666666,64,1,100000
2,90,0.6666666666666666,64,5862,100000
3,90,0.6666666666666666,64,3323,100000
4,90,0.6666666666666666,64,5605,100000
1,120,0.6666666666666666,64,0,100000
2,120,0.6666666666666666,64,6097,100000
3,120,0.6666666666666666,64,3536,100000
4,120,0.6666666666666666,65,5775,100000
1,150,0.6666666666666666,65,2,100000
2,150,0.6666666666666666,65,6342,100000
3,150,0.6666666666666666,65,3593,100000
4,150,0.6666666666666666,65,5973,100000
1,180,0.6666666666666666,65,2,100000
2,180,0.6666666666666666,65,6666,100000
3,180,0.6666666666666666,65,3822,100000
4,180,0.6666666666666666,65,6083,100000
1,210,0.6666666666666666,65,2,100000
2,210,0.6666666666666666,65,6775,100000
3,210,0.6666666666666666,65,3872,100000
4,210,0.6666666666666666,65,6134,100000
1,240,0.6666666666666666,65,2,100000
2,240,0.6666666666666666,65,6778,100000
3,240,0.6666666666666666,65,4051,100000
4,240,0.6666666666666666,65,6211,100000
1,270,0.6666666666666666,65,1,100000
2,270,0.6666666666666666,65,6891,100000
3,270,0.6666666666666666,65,4015,100000
4,270,0.6666666666666666,65,6297,100000
1,300,0.6666666666666666,65,2,100000
2,300,0.6666666666666666,65,7003,100000
3,300,0.6666666666666666,65,4239,100000
4,300,0.6666666666666666,65,6209,100000
1,330,0.6666666666666666,65,1,100000
2,330,0.6666666666666666,66,7063,100000
3,330,0.6666666666666666,66,4093,100000
4,330,0.6666666666666666,66,6386,100000
1,360,0.6666666666666666,66,0,100000
2,360,0.6666666666666666,66,6973,100000
3,360,0.6666666666666666,66,4135,100000
4,360,0.6666666666666666,66,6317,100000
1,-360,0.7083333333333333,66,6,100000
2,-360,0.7083333333333333,66,6947,100000
3,-360,0.7083333333333333,66,4238,100000
4,-360,0.7083333333333333,66,6292,100000
1,-330,0.7083333333333333,66,0,100000
2,-330,0.7083333333333333,66,7028,100000
3,-330,0.7083333333333333,66,4369,100000
4,-330,0.7083333333333333,66,6195,100000
1,-300,0.7083333333333333,66,1,100000
2,-300,0.7083333333333333,66,6943,100000
3,-300,0.7083333333333333,66,4176,100000
4,-300,0.7083333333333333,66,6193,100000
1,-270,0.7083333333333333,66,2,100000
2,-270,0.7083333333333333,66,6884,100000
3,-270,0.7083333333333333,66,4232,100000
4,-270,0.7083333333333333,66,6207,100000
1,-240,0.7083333333333333,66,3,100000
2,-240,0.7083333333333333,66,6610,100000
3,-240,0.7083333333333333,66,4130,100000
4,-240,0.7083333333333333,67,6161,100000
1,-210,0.7083333333333333,67,2,100000
2,-210,0.7083333333333333,67,6551,100000
3,-210,0.7083333333333333,67,3956,100000
4,-210,0.7083333333333333,67,6128,100000
1,-180,0.7083333333333333,67,1,100000
2,-180,0.7083333333333333,67,6589,100000
3,-180,0.7083333333333333,67,3885,100000
4,-180,0.7083333333333333,67,5965,100000
1,-150,0.7083333333333333,67,3,100000
2,-150,0.7083333333333333,67,6266,100000
3,-150,0.7083333333333333,67,3794,100000
4,-150,0.7083333333333333,67,5579,100000
1,-120,0.7083333333333333,67,1,100000
2,-120,0.7083333333333333,67,6045,100000
3,-120,0.7083333333333333,67,3534,100000
4,-120,0.7083333333333333,67,5491,100000
1,-90,0.7083333333333333,67,3,100000
2,-90,0.7083333333333333,67,5419,100000
3,-90,0.7083333333333333,67,3307,100000
4,-90,0.7083333333333333,67,5195,100000
1,-60,0.7083333333333333,67,2,100000
2,-60,0.7083333333333333,67,4771,100000
3,-60,0.7083333333333333,67,2937,100000
4,-60,0.7083333333333333,67,4853,100000
1,-30,0.7083333333333333,67,0,100000
2,-30,0.7083333333333333,68,4033,100000
3,-30,0.7083333333333333,68,2437,100000
4,-30,0.7083333333333333,68,4332,100000
1,0,0.7083333333333333,68,1,100000
2,0,0.7083333333333333,68,4106,100000
3,0,0.7083333333333333,68,2516,100000
4,0,0.7083333333333333,68,4389,100000
1,30,0.7083333333333333,68,0,100000
2,30,0.7083333333333333,68,4768,100000
3,30,0.7083333333333333,68,2604,100000
4,30,0.7083333333333333,68,4883,100000
1,60,0.7083333333333333,68,0,100000
2,60,0.7083333333333333,68,5357,100000
3,60,0.7083333333333333,68,2998,100000
4,60,0.7083333333333333,68,5242,100000
1,90,0.7083333333333333,68,2,100000
2,90,0.7083333333333333,68,5863,100000
3,90,0.7083333333333333,68,3278,100000
4,90,0.7083333333333333,68,5432,100000
1,120,0.7083333333333333,68,3,100000
2,120,0.7083333333333333,68,6074,100000
3,120,0.7083333333333333,68,3389,100000
4,120,0.7083333333333333,68,5703,100000
1,150,0.7083333333333333,68,0,100000
2,150,0.7083333333333333,68,6525,100000
3,150,0.7083333333333333,68,3525,100000
4,150,0.7083333333333333,69,5851,100000
1,180,0.7083333333333333,69,1,100000
2,180,0.7083333333333333,69,6439,100000
3,180,0.7083333333333333,69,3728,100000
4,180,0.7083333333333333,69,6013,100000
1,210,0.7083333333333333,69,2,100000
2,210,0.7083333333333333,69,6779,100000
3,210,0.7083333333333333,69,4021,100000
4,210,0.7083333333333333,69,6079,100000
1,240,0.7083333333333333,69,0,100000
2,240,0.7083333333333333,69,6765,100000
3,240,0.7083333333333333,69,3981,100000
4,240,0.7083333333333333,69,6304,100000
1,270,0.7083333333333333,69,1,100000
2,270,0.7083333333333333,69,6968,100000
3,270,0.7083333333333333,69,4079,100000
4,270,0.7083333333333333,69,6284,100000
1,300,0.7083333333333333,69,1,100000
2,300,0.7083333333333333,69,6898,100000
3,300,0.7083333333333333,69,4193,100000
4,300,0.7083333333333333,69,6281,100000
1,330,0.7083333333333333,69,2,100000
2,330,0.7083333333333333,69,6938,100000
3,330,0.7083333333333333,69,4099,100000
4,330,0.7083333333333333,69,6214,100000
1,360,0.7083333333333333,69,2,100000
2,60,0.041666666666666664,7,7028,100000
3,60,0.041666666666666664,7,4329,100000
4,60,0.041666666666666664,7,6213,100000
1,90,0.041666666666666664,7,6,100000
2,90,0.041666666666666664,7,7003,100000
3,90,0.041666666666666664,7,4313,100000
4,90,0.041666666666666664,7,6518,100000
1,120,0.041666666666666664,7,2,100000
2,120,0.041666666666666664,7,7026,100000
3,120,0.041666666666666664,7,4303,100000
4,120,0.041666666666666664,7,6281,100000
1,150,0.041666666666666664,7,4,100000
2,150,0.041666666666666664,7,6850,100000
3,150,0.041666666666666664,7,4323,100000
4,150,0.041666666666666664,7,6306,100000
1,180,0.041666666666666664,7,0,100000
2,180,0.041666666666666664,7,7012,100000
3,180,0.041666666666666664,7,4348,100000
4,180,0.041666666666666664,7,6387,100000
1,210,0.041666666666666664,7,4,100000
2,210,0.041666666666666664,7,6988,100000
3,210,0.041666666666666664,7,4211,100000
4,210,0.041666666666666664,7,6419,100000
1,240,0.041666666666666664,7,5,100000
2,240,0.041666666666666664,7,7097,100000
3,240,0.041666666666666664,7,4358,100000
2,360,0.7083333333333333,70,6841,100000
3,360,0.7083333333333333,70,4151,100000
4,360,0.7083333333333333,70,6134,100000
1,-360,0.75,70,5,100000
2,-360,0.75,70,6900,100000
3,-360,0.75,70,4256,100000
4,-360,0.75,70,6145,100000
1,-330,0.75,70,2,100000
2,-330,0.75,70,6981,100000
3,-330,0.75,70,4133,100000
4,-330,0.75,70,6259,100000
1,-300,0.75,70,1,100000
2,-300,0.75,70,6717,100000
3,-300,0.75,70,4254,100000
4,-300,0.75,70,6325,100000
1,-270,0.75,70,2,100000
2,-270,0.75,70,6929,100000
3,-270,0.75,70,4198,100000
4,-270,0.75,70,6238,100000
1,-240,0.75,70,3,100000
2,-240,0.75,70,6910,100000
3,-240,0.75,70,4031,100000
4,-240,0.75,70,6175,100000
1,-210,0.75,70,1,100000
2,-210,0.75,70,6487,100000
3,-210,0.75,70,4003,100000
4,-210,0.75,71,6035,100000
1,-180,0.75,71,3,100000
2,-180,0.75,71,6342,100000
3,-180,0.75,71,3768,100000
4,-180,0.75,71,6077,100000
1,-150,0.75,71,1,100000
2,-150,0.75,71,6235,100000
3,-150,0.75,71,3715,100000
4,-150,0.75,71,5772,100000
1,-120,0.75,71,2,100000
2,-120,0.75,71,5853,100000
3,-120,0.75,71,3448,100000
4,-120,0.75,71,5447,100000
1,-90,0.75,71,1,100000
2,-90,0.75,71,5464,100000
3,-90,0.75,71,3040,100000
4,-90,0.75,71,5134,100000
1,-60,0.75,71,1,100000
2,-60,0.75,71,4667,100000
3,-60,0.75,71,2751,100000
4,-60,0.75,71,4788,100000
1,-30,0.75,71,0,100000
2,-30,0.75,71,3848,100000
3,-30,0.75,71,2245,100000
4,-30,0.75,71,4195,100000
1,0,0.75,71,0,100000
2,0,0.75,72,3900,100000
3,0,0.75,72,2292,100000
4,0,0.75,72,4378,100000
1,30,0.75,72,0,100000
2,30,0.75,72,4467,100000
3,30,0.75,72,2589,100000
4,30,0.75,72,4801,100000
1,60,0.75,72,0,100000
2,60,0.75,72,5309,100000
3,60,0.75,72,2856,100000
4,60,0.75,72,5212,100000
1,90,0.75,72,1,100000
2,90,0.75,72,5546,100000
3,90,0.75,72,3087,100000
4,90,0.75,72,5606,100000
1,120,0.75,72,1,100000
2,120,0.75,72,5861,100000
3,120,0.75,72,3306,100000
4,120,0.75,72,5774,100000
1,150,0.75,72,1,100000
2,150,0.75,72,6206,100000
3,150,0.75,72,3517,100000
4,150,0.75,72,5875,100000
1,180,0.75,72,1,100000
2,180,0.75,72,6501,100000
3,180,0.75,72,3756,100000
4,180,0.75,73,6098,100000
1,210,0.75,73,0,100000
2,210,0.75,73,6608,100000
3,210,0.75,73,3828,100000
4,210,0.75,73,6164,100000
1,240,0.75,73,0,100000
2,240,0.75,73,6595,100000
3,240,0.75,73,4081,100000
4,240,0.75,73,6201,100000
1,270,0.75,73,0,100000
2,270,0.75,73,6998,100000
3,270,0.75,73,3947,100000
4,270,0.75,73,6416,100000
1,300,0.75,73,1,100000
2,300,0.75,73,6790,100000
3,300,0.75,73,4080,100000
4,300,0.75,73,6264,100000
1,330,0.75,73,3,100000
2,330,0.75,73,7067,100000
3,330,0.75,73,4091,100000
4,330,0.75,73,6312,100000
1,360,0.75,73,0,100000
2,360,0.75,73,7074,100000
3,360,0.75,73,4129,100000
4,360,0.75,73,6325,100000
1,-360,0.7916666666666666,73,1,100000
2,-360,0.7916666666666666,74,6913,100000
3,-360,0.7916666666666666,74,4280,100000
4,-360,0.7916666666666666,74,6280,100000
1,-330,0.7916666666666666,74,2,100000
2,-330,0.7916666666666666,74,7017,100000
3,-330,0.7916666666666666,74,4269,100000
4,-330,0.7916666666666666,74,6288,100000
1,-300,0.7916666666666666,74,6,100000
2,-300,0.7916666666666666,74,6934,100000
3,-300,0.7916666666666666,74,4147,100000
4,-300,0.7916666666666666,74,6183,100000
1,-270,0.7916666666666666,74,3,100000
2,-270,0.7916666666666666,74,6972,100000
3,-270,0.7916666666666666,74,4233,100000
4,-270,0.7916666666666666,74,6246,100000
1,-240,0.7916666666666666,74,0,100000
2,-240,0.7916666666666666,74,6855,100000
3,-240,0.7916666666666666,74,4093,100000
4,-240,0.7916666666666666,74,6087,100000
1,-210,0.7916666666666666,74,1,100000
2,-210,0.7916666666666666,74,6626,100000
3,-210,0.7916666666666666,74,3913,100000
4,-210,0.7916666666666666,74,6069,100000
1,-180,0.7916666666666666,74,2,100000
2,-180,0.7916666666666666,74,6335,100000
3,-180,0.7916666666666666,74,3886,100000
4,-180,0.7916666666666666,75,5821,100000
1,-150,0.7916666666666666,75,2,100000
2,-150,0.7916666666666666,75,6156,100000
3,-150,0.7916666666666666,75,3685,100000
4,-150,0.7916666666666666,75,5782,100000
1,-120,0.7916666666666666,75,1,100000
2,-120,0.7916666666666666,75,5699,100000
3,-120,0.7916666666666666,75,3352,100000
4,-120,0.7916666666666666,75,5627,100000
1,-90,0.7916666666666666,75,2,100000
2,-90,0.7916666666666666,75,5120,100000
3,-90,0.7916666666666666,75,3066,100000
4,-90,0.7916666666666666,75,5191,100000
1,-60,0.7916666666666666,75,0,100000
2,-60,0.7916666666666666,75,4537,100000
3,-60,0.7916666666666666,75,2698,100000
4,-60,0.7916666666666666,75,4688,100000
1,-30,0.7916666666666666,75,1,100000
2,-30,0.7916666666666666,75,3616,100000
3,-30,0.7916666666666666,75,2105,100000
4,-30,0.7916666666666666,75,4113,100000
1,0,0.7916666666666666,75,4,100000
2,0,0.7916666666666666,75,3778,100000
3,0,0.7916666666666666,75,2087,100000
4,0,0.7916666666666666,75,4183,100000
1,30,0.7916666666666666,75,0,100000
2,30,0.7916666666666666,76,4398,100000
3,30,0.7916666666666666,76,2447,100000
4,30,0.7916666666666666,76,4674,100000
1,60,0.7916666666666666,76,0,100000
2,60,0.7916666666666666,76,5056,100000
3,60,0.7916666666666666,76,2737,100000
4,60,0.7916666666666666,76,5166,100000
1,90,0.7916666666666666,76,0,100000
2,90,0.7916666666666666,76,5471,100000
3,90,0.7916666666666666,76,2897,100000
4,90,0.7916666666666666,76,5418,100000
1,120,0.7916666666666666,76,0,100000
2,120,0.7916666666666666,76,5842,100000
3,120,0.7916666666666666,76,3308,100000
4,120,0.7916666666666666,76,5643,100000
1,150,0.7916666666666666,76,2,100000
2,150,0.7916666666666666,76,6359,100000
3,150,0.7916666666666666,76,3462,100000
4,150,0.7916666666666666,76,5881,100000
1,180,0.7916666666666666,76,0,100000
2,180,0.7916666666666666,76,6422,100000
3,180,0.7916666666666666,76,3628,100000
4,180,0.7916666666666666,76,6112,100000
1,210,0.7916666666666666,76,1,100000
2,210,0.7916666666666666,76,6593,100000
3,210,0.7916666666666666,76,3661,100000
4,210,0.7916666666666666,77,6073,100000
1,240,0.7916666666666666,77,2,100000
2,240,0.7916666666666666,77,6800,100000
3,240,0.7916666666666666,77,3890,100000
4,240,0.7916666666666666,77,6196,100000
1,270,0.7916666666666666,77,0,100000
2,270,0.7916666666666666,77,6920,100000
3,270,0.7916666666666666,77,3962,100000
4,270,0.7916666666666666,77,6386,100000
1,300,0.7916666666666666,77,2,100000
2,300,0.7916666666666666,77,6835,100000
3,300,0.7916666666666666,77,4052,100000
4,300,0.7916666666666666,77,6292,100000
1,330,0.7916666666666666,77,0,100000
2,330,0.7916666666666666,77,6903,100000
3,330,0.7916666666666666,77,4174,100000
4,330,0.7916666666666666,77,6207,100000
1,360,0.7916666666666666,77,1,100000
2,360,0.7916666666666666,77,7062,100000
3,360,0.7916666666666666,77,4123,100000
4,360,0.7916666666666666,77,6260,100000
1,-360,0.8333333333333333,77,2,100000
2,-360,0.8333333333333333,77,7007,100000
3,-360,0.8333333333333333,77,4231,100000
4,-360,0.8333333333333333,77,6180,100000
1,-330,0.8333333333333333,77,1,100000
2,-330,0.8333333333333333,78,7011,100000
3,-330,0.8333333333333333,78,4246,100000
4,-330,0.8333333333333333,78,6336,100000
1,-300,0.8333333333333333,78,1,100000
2,-300,0.8333333333333333,78,6931,100000
3,-300,0.8333333333333333,78,4310,100000
4,-300,0.8333333333333333,78,6334,100000
1,-270,0.8333333333333333,78,2,100000
2,-270,0.8333333333333333,78,6692,100000
3,-270,0.8333333333333333,78,4090,100000
4,-270,0.8333333333333333,78,6151,100000
1,-240,0.8333333333333333,78,5,100000
2,-240,0.8333333333333333,78,6702,100000
3,-240,0.8333333333333333,78,4071,100000
4,-240,0.8333333333333333,78,6123,100000
1,-210,0.8333333333333333,78,3,100000
2,-210,0.8333333333333333,78,6548,100000
3,-210,0.8333333333333333,78,3891,100000
4,-210,0.8333333333333333,78,6022,100000
1,-180,0.8333333333333333,78,2,100000
2,-180,0.8333333333333333,78,6448,100000
3,-180,0.8333333333333333,78,3798,100000
4,-180,0.8333333333333333,78,5951,100000
1,-150,0.8333333333333333,78,2,100000
2,-150,0.8333333333333333,78,6006,100000
3,-150,0.8333333333333333,78,3721,100000
4,-150,0.8333333333333333,79,5700,100000
1,-120,0.8333333333333333,79,3,100000
2,-120,0.8333333333333333,79,5656,100000
3,-120,0.8333333333333333,79,3340,100000
4,-120,0.8333333333333333,79,5469,100000
1,-90,0.8333333333333333,79,1,100000
2,-90,0.8333333333333333,79,4980,100000
3,-90,0.8333333333333333,79,2898,100000
4,-90,0.8333333333333333,79,4982,100000
1,-60,0.8333333333333333,79,0,100000
2,-60,0.8333333333333333,79,4453,100000
3,-60,0.8333333333333333,79,2402,100000
4,-60,0.8333333333333333,79,4568,100000
1,-30,0.8333333333333333,79,0,100000
2,-30,0.8333333333333333,79,3474,100000
3,-30,0.8333333333333333,79,1902,100000
4,-30,0.8333333333333333,79,4009,100000
1,0,0.8333333333333333,79,0,100000
2,0,0.8333333333333333,79,3625,100000
3,0,0.8333333333333333,79,1979,100000
4,0,0.8333333333333333,79,4104,100000
1,30,0.8333333333333333,79,0,100000
2,30,0.8333333333333333,79,4282,100000
3,30,0.8333333333333333,79,2321,100000
4,30,0.8333333333333333,79,4624,100000
1,60,0.8333333333333333,79,1,100000
4,240,0.041666666666666664,8,6348,100000
1,270,0.041666666666666664,8,2,100000
2,270,0.041666666666666664,8,7060,100000
3,270,0.041666666666666664,8,4276,100000
4,270,0.041666666666666664,8,6457,100000
1,300,0.041666666666666664,8,1,100000
2,300,0.041666666666666664,8,6990,100000
3,300,0.041666666666666664,8,4362,100000
4,300,0.041666666666666664,8,6481,100000
1,330,0.041666666666666664,8,4,100000
2,330,0.041666666666666664,8,7035,100000
3,330,0.041666666666666664,8,4215,100000
4,330,0.041666666666666664,8,6265,100000
1,360,0.041666666666666664,8,5,100000
2,360,0.041666666666666664,8,7016,100000
3,360,0.041666666666666664,8,4216,100000
4,360,0.041666666666666664,8,6303,100000
1,-360,0.08333333333333333,8,1,100000
2,-360,0.08333333333333333,8,6925,100000
3,-360,0.08333333333333333,8,4339,100000
4,-360,0.08333333333333333,8,6250,100000
1,-330,0.08333333333333333,8,1,100000
2,-330,0.08333333333333333,8,6977,100000
3,-330,0.08333333333333333,8,4279,100000
4,-330,0.08333333333333333,8,6528,100000
1,-300,0.08333333333333333,8,2,100000
2,60,0.8333333333333333,80,4893,100000
3,60,0.8333333333333333,80,2540,100000
4,60,0.8333333333333333,80,5016,100000
1,90,0.8333333333333333,80,1,100000
2,90,0.8333333333333333,80,5372,100000
3,90,0.8333333333333333,80,2883,100000
4,90,0.8333333333333333,80,5358,100000
1,120,0.8333333333333333,80,1,100000
2,120,0.8333333333333333,80,5789,100000
3,120,0.8333333333333333,80,3121,100000
4,120,0.8333333333333333,80,5663,100000
1,150,0.8333333333333333,80,0,100000
2,150,0.8333333333333333,80,6279,100000
3,150,0.8333333333333333,80,3308,100000
4,150,0.8333333333333333,80,5686,100000
1,180,0.8333333333333333,80,0,100000
2,180,0.8333333333333333,80,6389,100000
3,180,0.8333333333333333,80,3548,100000
4,180,0.8333333333333333,80,5983,100000
1,210,0.8333333333333333,80,0,100000
2,210,0.8333333333333333,80,6545,100000
3,210,0.8333333333333333,80,3675,100000
4,210,0.8333333333333333,80,6025,100000
1,240,0.8333333333333333,80,0,100000
2,240,0.8333333333333333,80,6659,100000
3,240,0.8333333333333333,80,3898,100000
4,240,0.8333333333333333,81,6109,100000
1,270,0.8333333333333333,81,2,100000
2,270,0.8333333333333333,81,6717,100000
3,270,0.8333333333333333,81,3867,100000
4,270,0.8333333333333333,81,6188,100000
1,300,0.8333333333333333,81,1,100000
2,300,0.8333333333333333,81,6689,100000
3,300,0.8333333333333333,81,4065,100000
4,300,0.8333333333333333,81,6307,100000
1,330,0.8333333333333333,81,0,100000
2,330,0.8333333333333333,81,6939,100000
3,330,0.8333333333333333,81,4115,100000
4,330,0.8333333333333333,81,6317,100000
1,360,0.8333333333333333,81,0,100000
2,360,0.8333333333333333,81,6879,100000
3,360,0.8333333333333333,81,4222,100000
4,360,0.8333333333333333,81,6228,100000
1,-360,0.875,81,2,100000
2,-360,0.875,81,6891,100000
3,-360,0.875,81,4191,100000
4,-360,0.875,81,6415,100000
1,-330,0.875,81,3,100000
2,-330,0.875,81,6849,100000
3,-330,0.875,81,4221,100000
4,-330,0.875,81,6269,100000
1,-300,0.875,81,4,100000
2,-300,0.875,82,6822,100000
3,-300,0.875,82,4232,100000
4,-300,0.875,82,6389,100000
1,-270,0.875,82,4,100000
2,-270,0.875,82,6841,100000
3,-270,0.875,82,4132,100000
4,-270,0.875,82,6182,100000
1,-240,0.875,82,1,100000
2,-240,0.875,82,6852,100000
3,-240,0.875,82,4104,100000
4,-240,0.875,82,6137,100000
1,-210,0.875,82,1,100000
2,-210,0.875,82,6463,100000
3,-210,0.875,82,3890,100000
4,-210,0.875,82,6030,100000
1,-180,0.875,82,1,100000
2,-180,0.875,82,6262,100000
3,-180,0.875,82,3804,100000
4,-180,0.875,82,5849,100000
1,-150,0.875,82,1,100000
2,-150,0.875,82,5932,100000
3,-150,0.875,82,3489,100000
4,-150,0.875,82,5736,100000
1,-120,0.875,82,0,100000
2,-120,0.875,82,5571,100000
3,-120,0.875,82,3247,100000
4,-120,0.875,83,5502,100000
1,-90,0.875,83,1,100000
2,-90,0.875,83,5007,100000
3,-90,0.875,83,2845,100000
4,-90,0.875,83,4886,100000
1,-60,0.875,83,0,100000
2,-60,0.875,83,4254,100000
3,-60,0.875,83,2360,100000
4,-60,0.875,83,4548,100000
1,-30,0.875,83,0,100000
2,-30,0.875,83,3271,100000
3,-30,0.875,83,1839,100000
4,-30,0.875,83,3981,100000
1,0,0.875,83,0,100000
2,0,0.875,83,3419,100000
3,0,0.875,83,1899,100000
4,0,0.875,83,4068,100000
1,30,0.875,83,0,100000
2,30,0.875,83,3927,100000
3,30,0.875,83,2170,100000
4,30,0.875,83,4511,100000
1,60,0.875,83,3,100000
2,60,0.875,83,4608,100000
3,60,0.875,83,2447,100000
4,60,0.875,83,4922,100000
1,90,0.875,83,0,100000
2,90,0.875,84,5208,100000
3,90,0.875,84,2716,100000
4,90,0.875,84,5339,100000
1,120,0.875,84,1,100000
2,120,0.875,84,5617,100000
3,120,0.875,84,2993,100000
4,120,0.875,84,5588,100000
1,150,0.875,84,2,100000
2,150,0.875,84,5932,100000
3,150,0.875,84,3163,100000
4,150,0.875,84,5837,100000
1,180,0.875,84,1,100000
2,180,0.875,84,6319,100000
3,180,0.875,84,3440,100000
4,180,0.875,84,5931,100000
1,210,0.875,84,1,100000
2,210,0.875,84,6606,100000
3,210,0.875,84,3512,100000
4,210,0.875,84,6095,100000
1,240,0.875,84,0,100000
2,240,0.875,84,6828,100000
3,240,0.875,84,3863,100000
4,240,0.875,84,6196,100000
1,270,0.875,84,2,100000
2,270,0.875,84,6620,100000
3,270,0.875,84,3896,100000
4,270,0.875,85,6158,100000
1,300,0.875,85,0,100000
2,300,0.875,85,6879,100000
3,300,0.875,85,3994,100000
4,300,0.875,85,6308,100000
1,330,0.875,85,1,100000
2,330,0.875,85,6736,100000
3,330,0.875,85,4024,100000
4,330,0.875,85,6350,100000
1,360,0.875,85,0,100000
2,360,0.875,85,7031,100000
3,360,0.875,85,4017,100000
4,360,0.875,85,6335,100000
1,-360,0.9166666666666666,85,2,100000
2,-360,0.9166666666666666,85,7072,100000
3,-360,0.9166666666666666,85,4335,100000
4,-360,0.9166666666666666,85,6330,100000
1,-330,0.9166666666666666,85,2,100000
2,-330,0.9166666666666666,85,6905,100000
3,-330,0.9166666666666666,85,4165,100000
4,-330,0.9166666666666666,85,6301,100000
1,-300,0.9166666666666666,85,1,100000
2,-300,0.9166666666666666,85,6835,100000
3,-300,0.9166666666666666,85,4134,100000
4,-300,0.9166666666666666,85,6228,100000
1,-270,0.9166666666666666,85,5,100000
2,-270,0.9166666666666666,86,6615,100000
3,-270,0.9166666666666666,86,4078,100000
4,-270,0.9166666666666666,86,6120,100000
1,-240,0.9166666666666666,86,1,100000
2,-240,0.9166666666666666,86,6629,100000
3,-240,0.9166666666666666,86,3889,100000
4,-240,0.9166666666666666,86,6108,100000
1,-210,0.9166666666666666,86,4,100000
2,-210,0.9166666666666666,86,6468,100000
3,-210,0.9166666666666666,86,3835,100000
4,-210,0.9166666666666666,86,6027,100000
1,-180,0.9166666666666666,86,3,100000
2,-180,0.9166666666666666,86,6153,100000
3,-180,0.9166666666666666,86,3739,100000
4,-180,0.9166666666666666,86,5985,100000
1,-150,0.9166666666666666,86,3,100000
2,-150,0.9166666666666666,86,6052,100000
3,-150,0.9166666666666666,86,3482,100000
4,-150,0.9166666666666666,86,5692,100000
1,-120,0.9166666666666666,86,1,100000
2,-120,0.9166666666666666,86,5389,100000
3,-120,0.9166666666666666,86,3111,100000
4,-120,0.9166666666666666,86,5452,100000
1,-90,0.9166666666666666,86,3,100000
2,-90,0.9166666666666666,86,4842,100000
3,-90,0.9166666666666666,86,2696,100000
4,-90,0.9166666666666666,87,4895,100000
1,-60,0.9166666666666666,87,0,100000
2,-60,0.9166666666666666,87,3908,100000
3,-60,0.9166666666666666,87,2149,100000
4,-60,0.9166666666666666,87,4572,100000
1,-30,0.9166666666666666,87,0,100000
2,-30,0.9166666666666666,87,2969,100000
3,-30,0.9166666666666666,87,1752,100000
4,-30,0.9166666666666666,87,3762,100000
1,0,0.9166666666666666,87,0,100000
2,0,0.9166666666666666,87,3092,100000
3,0,0.9166666666666666,87,1566,100000
4,0,0.9166666666666666,87,3889,100000
1,30,0.9166666666666666,87,0,100000
2,30,0.9166666666666666,87,3802,100000
3,30,0.9166666666666666,87,1985,100000
4,30,0.9166666666666666,87,4406,100000
1,60,0.9166666666666666,87,0,100000
2,60,0.9166666666666666,87,4344,100000
3,60,0.9166666666666666,87,2240,100000
4,60,0.9166666666666666,87,4816,100000
1,90,0.9166666666666666,87,0,100000
2,90,0.9166666666666666,87,5051,100000
3,90,0.9166666666666666,87,2494,100000
4,90,0.9166666666666666,87,5226,100000
1,120,0.9166666666666666,87,0,100000
2,120,0.9166666666666666,88,5514,100000
3,120,0.9166666666666666,88,2723,100000
4,120,0.9166666666666666,88,5548,100000
1,150,0.9166666666666666,88,0,100000
2,150,0.9166666666666666,88,5886,100000
3,150,0.9166666666666666,88,3069,100000
4,150,0.9166666666666666,88,5803,100000
1,180,0.9166666666666666,88,0,100000
2,180,0.9166666666666666,88,6388,100000
3,180,0.9166666666666666,88,3269,100000
4,180,0.9166666666666666,88,5905,100000
1,210,0.9166666666666666,88,0,100000
2,210,0.9166666666666666,88,6446,100000
3,210,0.9166666666666666,88,3443,100000
4,210,0.9166666666666666,88,6078,100000
1,240,0.9166666666666666,88,0,100000
2,240,0.9166666666666666,88,6534,100000
3,240,0.9166666666666666,88,3683,100000
4,240,0.9166666666666666,88,6121,100000
1,270,0.9166666666666666,88,1,100000
2,270,0.9166666666666666,88,6721,100000
3,270,0.9166666666666666,88,3745,100000
4,270,0.9166666666666666,88,6266,100000
1,300,0.9166666666666666,88,2,100000
2,300,0.9166666666666666,88,6837,100000
3,300,0.9166666666666666,88,3927,100000
4,300,0.9166666666666666,89,6213,100000
1,330,0.9166666666666666,89,1,100000
2,330,0.9166666666666666,89,6877,100000
3,330,0.9166666666666666,89,3985,100000
4,330,0.9166666666666666,89,6242,100000
1,360,0.9166666666666666,89,0,100000
2,360,0.9166666666666666,89,6910,100000
3,360,0.9166666666666666,89,4097,100000
4,360,0.9166666666666666,89,6259,100000
1,-360,0.9583333333333333,89,4,100000
2,-360,0.9583333333333333,89,6899,100000
3,-360,0.9583333333333333,89,4388,100000
4,-360,0.9583333333333333,89,6291,100000
1,-330,0.9583333333333333,89,1,100000
2,-330,0.9583333333333333,89,6925,100000
3,-330,0.9583333333333333,89,4172,100000
4,-330,0.9583333333333333,89,6318,100000
1,-300,0.9583333333333333,89,4,100000
2,-300,0.9583333333333333,89,6878,100000
3,-300,0.9583333333333333,89,4108,100000
4,-300,0.9583333333333333,89,6249,100000
1,-270,0.9583333333333333,89,5,100000
2,-270,0.9583333333333333,89,6878,100000
3,-270,0.9583333333333333,89,4015,100000
4,-270,0.9583333333333333,89,6281,100000
1,-240,0.9583333333333333,89,1,100000
2,-300,0.08333333333333333,9,7166,100000
3,-300,0.08333333333333333,9,4368,100000
4,-300,0.08333333333333333,9,6475,100000
1,-270,0.08333333333333333,9,4,100000
2,-270,0.08333333333333333,9,6934,100000
3,-270,0.08333333333333333,9,4295,100000
4,-270,0.08333333333333333,9,6246,100000
1,-240,0.08333333333333333,9,1,100000
2,-240,0.08333333333333333,9,6981,100000
3,-240,0.08333333333333333,9,4328,100000
4,-240,0.08333333333333333,9,6400,100000
1,-210,0.08333333333333333,9,3,100000
2,-210,0.08333333333333333,9,6961,100000
3,-210,0.08333333333333333,9,4392,100000
4,-210,0.08333333333333333,9,6241,100000
1,-180,0.08333333333333333,9,1,100000
2,-180,0.08333333333333333,9,6963,100000
3,-180,0.08333333333333333,9,4332,100000
4,-180,0.08333333333333333,9,6308,100000
1,-150,0.08333333333333333,9,2,100000
2,-150,0.08333333333333333,9,6912,100000
3,-150,0.08333333333333333,9,4238,100000
4,-150,0.08333333333333333,9,6320,100000
1,-120,0.08333333333333333,9,3,100000
2,-120,0.08333333333333333,9,6968,100000
3,-120,0.08333333333333333,9,4185,100000
2,-240,0.9583333333333333,90,6584,100000
3,-240,0.9583333333333333,90,3968,100000
4,-240,0.9583333333333333,90,6073,100000
1,-210,0.9583333333333333,90,4,100000
2,-210,0.9583333333333333,90,6463,100000
3,-210,0.9583333333333333,90,3858,100000
4,-210,0.9583333333333333,90,5951,100000
1,-180,0.9583333333333333,90,2,100000
2,-180,0.9583333333333333,90,6091,100000
3,-180,0.9583333333333333,90,3563,100000
4,-180,0.9583333333333333,90,5908,100000
1,-150,0.9583333333333333,90,0,100000
2,-150,0.9583333333333333,90,5849,100000
3,-150,0.9583333333333333,90,3312,100000
4,-150,0.9583333333333333,90,5739,100000
1,-120,0.9583333333333333,90,2,100000
2,-120,0.9583333333333333,90,5218,100000
3,-120,0.9583333333333333,90,2922,100000
4,-120,0.9583333333333333,90,5208,100000
1,-90,0.9583333333333333,90,0,100000
2,-90,0.9583333333333333,90,4593,100000
3,-90,0.9583333333333333,90,2480,100000
4,-90,0.9583333333333333,90,5038,100000
1,-60,0.9583333333333333,90,0,100000
2,-60,0.9583333333333333,90,3827,100000
3,-60,0.9583333333333333,90,1986,100000
4,-60,0.9583333333333333,91,4482,100000
1,-30,0.9583333333333333,91,0,100000
2,-30,0.9583333333333333,91,2740,100000
3,-30,0.9583333333333333,91,1394,100000
4,-30,0.9583333333333333,91,3790,100000
1,0,0.9583333333333333,91,0,100000
2,0,0.9583333333333333,91,2749,100000
3,0,0.9583333333333333,91,1369,100000
4,0,0.9583333333333333,91,3814,100000
1,30,0.9583333333333333,91,0,100000
2,30,0.9583333333333333,91,3441,100000
3,30,0.9583333333333333,91,1614,100000
4,30,0.9583333333333333,91,4243,100000
1,60,0.9583333333333333,91,0,100000
2,60,0.9583333333333333,91,4017,100000
3,60,0.9583333333333333,91,1922,100000
4,60,0.9583333333333333,91,4816,100000
1,90,0.9583333333333333,91,0,100000
2,90,0.9583333333333333,91,4720,100000
3,90,0.9583333333333333,91,2190,100000
4,90,0.9583333333333333,91,5032,100000
1,120,0.9583333333333333,91,0,100000
2,120,0.9583333333333333,91,5301,100000
3,120,0.9583333333333333,91,2526,100000
4,120,0.9583333333333333,91,5464,100000
1,150,0.9583333333333333,91,2,100000
2,150,0.9583333333333333,92,5610,100000
3,150,0.9583333333333333,92,2852,100000
4,150,0.9583333333333333,92,5763,100000
1,180,0.9583333333333333,92,0,100000
2,180,0.9583333333333333,92,6061,100000
3,180,0.9583333333333333,92,3058,100000
4,180,0.9583333333333333,92,5976,100000
1,210,0.9583333333333333,92,1,100000
2,210,0.9583333333333333,92,6369,100000
3,210,0.9583333333333333,92,3318,100000
4,210,0.9583333333333333,92,5995,100000
1,240,0.9583333333333333,92,0,100000
2,240,0.9583333333333333,92,6587,100000
3,240,0.9583333333333333,92,3606,100000
4,240,0.9583333333333333,92,6217,100000
1,270,0.9583333333333333,92,0,100000
2,270,0.9583333333333333,92,6831,100000
3,270,0.9583333333333333,92,3702,100000
4,270,0.9583333333333333,92,6033,100000
1,300,0.9583333333333333,92,1,100000
2,300,0.9583333333333333,92,6885,100000
3,300,0.9583333333333333,92,3870,100000
4,300,0.9583333333333333,92,6106,100000
1,330,0.9583333333333333,92,0,100000
2,330,0.9583333333333333,92,6913,100000
3,330,0.9583333333333333,92,3872,100000
4,330,0.9583333333333333,93,6331,100000
1,360,0.9583333333333333,93,0,100000
2,360,0.9583333333333333,93,6754,100000
3,360,0.9583333333333333,93,4017,100000
4,360,0.9583333333333333,93,6242,100000
1,-360,1,93,3,100000
2,-360,1,93,7001,100000
3,-360,1,93,4178,100000
4,-360,1,93,6216,100000
1,-330,1,93,2,100000
2,-330,1,93,6713,100000
3,-330,1,93,4138,100000
4,-330,1,93,6102,100000
1,-300,1,93,2,100000
2,-300,1,93,6853,100000
3,-300,1,93,4007,100000
4,-300,1,93,6265,100000
1,-270,1,93,2,100000
2,-270,1,93,6761,100000
3,-270,1,93,3920,100000
4,-270,1,93,6194,100000
1,-240,1,93,0,100000
2,-240,1,93,6570,100000
3,-240,1,93,3986,100000
4,-240,1,93,6124,100000
1,-210,1,93,3,100000
2,-210,1,94,6245,100000
3,-210,1,94,3545,100000
4,-210,1,94,5821,100000
1,-180,1,94,2,100000
2,-180,1,94,6112,100000
3,-180,1,94,3456,100000
4,-180,1,94,5912,100000
1,-150,1,94,2,100000
2,-150,1,94,5640,100000
3,-150,1,94,3237,100000
4,-150,1,94,5700,100000
1,-120,1,94,1,100000
2,-120,1,94,5074,100000
3,-120,1,94,2761,100000
4,-120,1,94,5339,100000
1,-90,1,94,0,100000
2,-90,1,94,4305,100000
3,-90,1,94,2419,100000
4,-90,1,94,4770,100000
1,-60,1,94,0,100000
2,-60,1,94,3483,100000
3,-60,1,94,1677,100000
4,-60,1,94,4375,100000
1,-30,1,94,1,100000
2,-30,1,94,2527,100000
3,-30,1,94,1188,100000
4,-30,1,95,3607,100000
1,0,1,95,1,100000
2,0,1,95,2475,100000
3,0,1,95,1104,100000
4,0,1,95,3522,100000
1,30,1,95,0,100000
2,30,1,95,2929,100000
3,30,1,95,1203,100000
4,30,1,95,4116,100000
1,60,1,95,0,100000
2,60,1,95,3695,100000
3,60,1,95,1452,100000
4,60,1,95,4587,100000
1,90,1,95,0,100000
2,90,1,95,4290,100000
3,90,1,95,1767,100000
4,90,1,95,5096,100000
1,120,1,95,0,100000
2,120,1,95,5058,100000
3,120,1,95,2065,100000
4,120,1,95,5354,100000
1,150,1,95,0,100000
2,150,1,95,5515,100000
3,150,1,95,2404,100000
4,150,1,95,5607,100000
1,180,1,95,0,100000
2,180,1,96,5983,100000
3,180,1,96,2666,100000
4,180,1,96,5876,100000
1,210,1,96,1,100000
2,210,1,96,6247,100000
3,210,1,96,3026,100000
4,210,1,96,5966,100000
1,240,1,96,0,100000
2,240,1,96,6474,100000
3,240,1,96,3284,100000
4,240,1,96,6059,100000
1,270,1,96,0,100000
2,270,1,96,6497,100000
3,270,1,96,3434,100000
4,270,1,96,6163,100000
1,300,1,96,0,100000
2,300,1,96,6784,100000
3,300,1,96,3736,100000
4,300,1,96,6096,100000
1,330,1,96,0,100000
2,330,1,96,6637,100000
3,330,1,96,3816,100000
4,330,1,96,6177,100000
1,360,1,96,0,100000
2,360,1,96,6785,100000
3,360,1,96,3851,100000
4,360,1,96,6072,100000
